t_s,pos,speed_raw,speed_mag,speed,load,voltage,temp,status,moving
0.000001,4092,0,0,0,20,119,36,0,1
0.003773,4092,0,0,0,20,119,37,0,1
0.006713,4092,0,0,0,20,120,37,0,1
0.009711,4092,0,0,0,20,120,36,0,1
0.012698,4092,0,0,0,20,120,37,0,1
0.015718,4092,0,0,0,20,119,36,0,1
0.018770,4092,0,0,0,0,119,36,0,1
0.021848,4092,0,0,0,0,120,37,0,1
0.029710,4092,0,0,0,0,119,36,0,1
0.032701,4092,0,0,0,0,120,36,0,1
0.035761,4092,0,0,0,24,120,36,0,1
0.038703,4092,0,0,0,28,120,36,0,1
0.041701,4092,0,0,0,28,120,36,0,1
0.044715,4092,0,0,0,28,120,36,0,1
0.047699,4092,0,0,0,28,119,37,0,1
0.050840,4092,0,0,0,36,120,36,0,1
0.058744,4092,0,0,0,36,120,37,0,1
0.061747,4092,0,0,0,36,120,37,0,1
0.064795,4092,0,0,0,44,119,36,0,1
0.067698,4092,0,0,0,44,120,36,0,1
0.070703,4092,0,0,0,44,120,37,0,1
0.073741,4092,0,0,0,52,120,36,0,1
0.076701,4092,0,0,0,52,120,36,0,1
0.079700,4092,0,0,0,56,120,36,0,1
0.082860,4092,0,0,0,56,120,37,0,1
0.086777,4092,0,0,0,64,120,37,0,1
0.089705,4092,0,0,0,64,120,37,0,1
0.092774,4092,0,0,0,64,120,37,0,1
0.095724,4092,0,0,0,72,120,37,0,1
0.098712,4092,0,0,0,72,119,37,0,1
0.101700,4091,0,0,0,64,119,36,0,1
0.104723,4091,0,0,0,72,120,37,0,1
0.107700,4091,0,0,0,72,119,36,0,1
0.110710,4090,32868,100,-100,64,119,36,0,1
0.113935,4090,32868,100,-100,72,120,36,0,1
0.117713,4090,32868,100,-100,64,120,37,0,1
0.120728,4090,32868,100,-100,64,120,37,0,1
0.123723,4089,32868,100,-100,64,119,36,0,1
0.126803,4089,32868,100,-100,64,120,37,0,1
0.129714,4089,32868,100,-100,64,120,37,0,1
0.132720,4088,32868,100,-100,64,120,36,0,1
0.135727,4088,32868,100,-100,64,120,37,0,1
0.138708,4087,32868,100,-100,56,119,37,0,1
0.141705,4087,32868,100,-100,64,120,37,0,1
0.144962,4086,32868,100,-100,56,120,36,0,1
0.148726,4086,32868,100,-100,64,119,36,0,1
0.151729,4085,32918,150,-150,56,120,36,0,1
0.154734,4085,32918,150,-150,56,120,37,0,1
0.157706,4084,32918,150,-150,52,119,37,0,1
0.160788,4084,32918,150,-150,52,120,36,0,1
0.163732,4084,32918,150,-150,52,120,36,0,1
0.166704,4083,32918,150,-150,52,120,36,0,1
0.169704,4083,32918,150,-150,52,119,36,0,1
0.172730,4083,32868,100,-100,52,120,37,0,1
0.179825,4083,32868,100,-100,68,119,37,0,1
0.182720,4083,32868,100,-100,76,120,37,0,1
0.185757,4083,32868,100,-100,76,120,37,0,1
0.188725,4083,32868,100,-100,76,120,36,0,1
0.191727,4082,0,0,0,76,120,37,0,1
0.194732,4082,0,0,0,76,120,37,0,1
0.197705,4082,0,0,0,76,120,37,0,1
0.200704,4081,0,0,0,76,120,37,0,1
0.203749,4081,0,0,0,76,120,36,0,1
0.206839,4080,0,0,0,76,119,37,0,1
0.210827,4080,32918,150,-150,76,120,37,0,1
0.213748,4079,32918,150,-150,68,120,37,0,1
0.216711,4079,32918,150,-150,72,120,37,0,1
0.219709,4078,32918,150,-150,64,120,37,0,1
0.222753,4078,32918,150,-150,64,119,37,0,1
0.225735,4077,32918,150,-150,64,119,37,0,1
0.228706,4077,32918,150,-150,64,120,36,0,1
0.231706,4076,32968,200,-200,56,120,36,0,1
0.234726,4076,32968,200,-200,64,120,37,0,1
0.237866,4075,32968,200,-200,48,120,37,0,1
0.241802,4075,32968,200,-200,56,119,36,0,1
0.244808,4074,32968,200,-200,48,119,37,0,1
0.247714,4074,32968,200,-200,48,119,37,0,1
0.250715,4074,32868,100,-100,56,120,37,0,1
0.253786,4073,32868,100,-100,48,120,37,0,1
0.256729,4073,32868,100,-100,68,119,37,0,1
0.259715,4072,32868,100,-100,60,120,37,0,1
0.262710,4072,32868,100,-100,60,119,37,0,1
0.265726,4072,32868,100,-100,68,119,36,0,1
0.268840,4071,32868,100,-100,60,120,37,0,1
0.271851,4070,32918,150,-150,60,120,37,0,1
0.275784,4070,32918,150,-150,60,119,36,0,1
0.278734,4070,32918,150,-150,52,120,37,0,1
0.281714,4069,32918,150,-150,52,119,36,0,1
0.284783,4069,32918,150,-150,52,120,37,0,1
0.287731,4069,32918,150,-150,52,119,37,0,1
0.290716,4068,32918,150,-150,52,120,37,0,1
0.293731,4068,32918,150,-150,52,119,36,0,1
0.296711,4067,32918,150,-150,56,120,36,0,1
0.299851,4067,32918,150,-150,56,119,36,0,1
0.303851,4067,32918,150,-150,64,119,36,0,1
0.307758,4066,32918,150,-150,56,120,37,0,1
0.310741,4066,32868,100,-100,56,119,37,0,1
0.313736,4065,32868,100,-100,56,120,37,0,1
0.316729,4065,32868,100,-100,56,119,37,0,1
0.319727,4065,32868,100,-100,64,119,37,0,1
0.322716,4064,32868,100,-100,56,119,37,0,1
0.325736,4064,32868,100,-100,56,119,36,0,1
0.328711,4063,32868,100,-100,56,120,37,0,1
0.331826,4063,32918,150,-150,56,120,36,0,1
0.337932,4062,32918,150,-150,56,120,37,0,1
0.341735,4062,32918,150,-150,56,119,37,0,1
0.344791,4061,32918,150,-150,56,119,37,0,1
0.347738,4061,32918,150,-150,56,119,37,0,1
0.350725,4060,32918,150,-150,56,119,36,0,1
0.353773,4060,32918,150,-150,56,120,37,0,1
0.356720,4060,32918,150,-150,56,119,36,0,1
0.359717,4059,32918,150,-150,56,120,37,0,1
0.362833,4059,32918,150,-150,56,120,36,0,1
0.369721,4058,32918,150,-150,56,120,37,0,1
0.372752,4058,32868,100,-100,56,120,36,0,1
0.375765,4057,32868,100,-100,56,120,37,0,1
0.378735,4057,32868,100,-100,56,119,37,0,1
0.381716,4056,32868,100,-100,56,120,36,0,1
0.384778,4056,32868,100,-100,56,119,36,0,1
0.387734,4056,32868,100,-100,56,120,36,0,1
0.390737,4056,32868,100,-100,64,120,37,0,1
0.393838,4055,32868,100,-100,56,119,36,0,1
0.396806,4054,32868,100,-100,60,119,36,0,1
0.399720,4054,32868,100,-100,60,120,37,0,1
0.402717,4054,32868,100,-100,60,120,37,0,1
0.405778,4053,32868,100,-100,60,120,36,0,1
0.408749,4053,32868,100,-100,60,120,37,0,1
0.411726,4052,32918,150,-150,60,120,38,0,1
0.414742,4052,32918,150,-150,60,120,37,0,1
0.417725,4051,32918,150,-150,44,120,37,0,1
0.420746,4051,32918,150,-150,52,120,37,0,1
0.423768,4051,32918,150,-150,52,120,36,0,1
0.426788,4050,32918,150,-150,52,120,37,0,1
0.429748,4050,32918,150,-150,52,119,37,0,1
0.432749,4049,32918,150,-150,44,119,37,0,1
0.435750,4049,32918,150,-150,56,120,37,0,1
0.438746,4049,32918,150,-150,56,119,36,0,1
0.441736,4048,32918,150,-150,56,120,37,0,1
0.444753,4048,32918,150,-150,56,119,36,0,1
0.447721,4048,32918,150,-150,56,119,36,0,1
0.450736,4048,32868,100,-100,64,120,36,0,1
0.453770,4047,32868,100,-100,56,120,36,0,1
0.456851,4047,32868,100,-100,64,119,37,0,1
0.460816,4046,32868,100,-100,56,119,36,0,1
0.463751,4046,32868,100,-100,56,119,37,0,1
0.466720,4045,32868,100,-100,56,119,36,0,1
0.469721,4045,32918,150,-150,56,119,36,0,1
0.472784,4044,32918,150,-150,56,120,36,0,1
0.475753,4044,32918,150,-150,56,120,36,0,1
0.478728,4044,32918,150,-150,56,119,37,0,1
0.481720,4043,32918,150,-150,56,120,37,0,1
0.484771,4043,32918,150,-150,56,119,36,0,1
0.487812,4042,32918,150,-150,56,120,37,0,1
0.490867,4042,32918,150,-150,56,120,36,0,1
0.494811,4042,32918,150,-150,64,120,36,0,1
0.497726,4041,32918,150,-150,60,120,37,0,1
0.500724,4041,32918,150,-150,60,120,37,0,1
0.503793,4040,32918,150,-150,60,120,37,0,1
0.506726,4040,32918,150,-150,60,120,37,0,1
0.509737,4039,32918,150,-150,60,119,36,0,1
0.512726,4039,32918,150,-150,60,119,37,0,1
0.515741,4038,32918,150,-150,40,120,36,0,1
0.518840,4038,32918,150,-150,48,120,37,0,1
0.521838,4038,32918,150,-150,48,119,37,0,1
0.524770,4037,32918,150,-150,48,120,36,0,1
0.527756,4037,32918,150,-150,48,120,36,0,1
0.530728,4036,32868,100,-100,40,119,37,0,1
0.533777,4036,32868,100,-100,48,120,37,0,1
0.536768,4036,32868,100,-100,60,119,36,0,1
0.539728,4035,32868,100,-100,60,119,37,0,1
0.542741,4035,32868,100,-100,60,120,36,0,1
0.545747,4035,32868,100,-100,60,120,36,0,1
0.548724,4034,32868,100,-100,60,120,37,0,1
0.551887,4034,32918,150,-150,60,119,37,0,1
0.555815,4034,32918,150,-150,68,120,36,0,1
0.558740,4033,32918,150,-150,60,119,37,0,1
0.561755,4033,32918,150,-150,60,120,37,0,1
0.564760,4032,32918,150,-150,60,120,37,0,1
0.567742,4032,32918,150,-150,60,120,37,0,1
0.570744,4031,32868,100,-100,60,120,37,0,1
0.573769,4031,32868,100,-100,60,120,36,0,1
0.576731,4030,32868,100,-100,40,119,36,0,1
0.579742,4030,32868,100,-100,48,120,36,0,1
0.582743,4029,32868,100,-100,40,120,37,0,1
0.585766,4029,32868,100,-100,48,119,36,0,1
0.588754,4029,32868,100,-100,48,119,37,0,1
0.591795,4028,32968,200,-200,40,120,37,0,1
0.594929,4028,32968,200,-200,60,120,36,0,1
0.598736,4027,32968,200,-200,52,119,37,0,1
0.601728,4027,32968,200,-200,60,120,37,0,1
0.604788,4027,32968,200,-200,60,119,36,0,1
0.607744,4027,32968,200,-200,60,119,37,0,1
0.610730,4026,32818,50,-50,60,120,37,0,1
0.613748,4026,32818,50,-50,60,120,37,0,1
0.616729,4026,32818,50,-50,68,120,37,0,1
0.619730,4025,32818,50,-50,60,119,36,0,1
0.622846,4025,32818,50,-50,60,120,37,0,1
0.625908,4024,32818,50,-50,60,119,37,0,1
0.629759,4024,32918,150,-150,60,120,37,0,1
0.632745,4023,32918,150,-150,60,120,37,0,1
0.635751,4023,32918,150,-150,52,119,37,0,1
0.638763,4022,32918,150,-150,52,120,36,0,1
0.641746,4022,32918,150,-150,52,119,37,0,1
0.644769,4021,32918,150,-150,44,120,36,0,1
0.647733,4021,32918,150,-150,52,120,37,0,1
0.650730,4021,32918,150,-150,52,120,36,0,1
0.653866,4020,32918,150,-150,52,120,37,0,1
0.656869,4020,32918,150,-150,56,120,37,0,1
0.660787,4020,32918,150,-150,64,120,37,0,1
0.663765,4019,32918,150,-150,56,120,37,0,1
0.666730,4019,32918,150,-150,56,120,36,0,1
0.669750,4019,32868,100,-100,64,120,37,0,1
0.672742,4018,32868,100,-100,56,120,36,0,1
0.675778,4017,32868,100,-100,60,119,37,0,1
0.678740,4017,32868,100,-100,60,119,36,0,1
0.681731,4017,32868,100,-100,60,120,36,0,1
0.684874,4016,32868,100,-100,60,119,36,0,1
0.687885,4016,32868,100,-100,60,120,37,0,1
0.690948,4015,32918,150,-150,60,119,37,0,1
0.694825,4015,32918,150,-150,52,120,36,0,1
0.697751,4014,32918,150,-150,44,120,37,0,1
0.700758,4014,32918,150,-150,52,120,36,0,1
0.703762,4014,32918,150,-150,52,120,36,0,1
0.706756,4013,32918,150,-150,52,120,36,0,1
0.709740,4013,32918,150,-150,52,119,36,0,1
0.712741,4013,32918,150,-150,60,120,37,0,1
0.715842,4012,32918,150,-150,56,119,36,0,1
0.718876,4012,32918,150,-150,56,120,36,0,1
0.722753,4011,32918,150,-150,56,120,37,0,1
0.725823,4010,32918,150,-150,48,120,36,0,1
0.728752,4010,32918,150,-150,56,119,36,0,1
0.731753,4010,32918,150,-150,56,119,37,0,1
0.734756,4009,32918,150,-150,44,119,36,0,1
0.737749,4009,32918,150,-150,52,119,37,0,1
0.740766,4009,32918,150,-150,52,119,36,0,1
0.743759,4008,32918,150,-150,52,119,37,0,1
0.746748,4008,32918,150,-150,52,119,37,0,1
0.749890,4007,32868,100,-100,52,120,36,0,1
0.753767,4007,32868,100,-100,52,119,37,0,1
0.756781,4007,32868,100,-100,60,119,36,0,1
0.759782,4006,32868,100,-100,60,119,36,0,1
0.762781,4006,32868,100,-100,60,119,36,0,1
0.765759,4005,32868,100,-100,60,119,37,0,1
0.768744,4005,32918,150,-150,60,119,37,0,1
0.771741,4005,32918,150,-150,60,119,37,0,1
0.774806,4004,32918,150,-150,56,120,37,0,1
0.777745,4004,32918,150,-150,56,120,37,0,1
0.780892,4003,32918,150,-150,56,120,37,0,1
0.784867,4003,32918,150,-150,56,120,36,0,1
0.787745,4003,32918,150,-150,64,119,37,0,1
0.790740,4002,32868,100,-100,56,120,37,0,1
0.793802,4002,32868,100,-100,56,120,37,0,1
0.796755,4001,32868,100,-100,56,120,36,0,1
0.799737,4001,32868,100,-100,56,119,36,0,1
0.802736,4000,32868,100,-100,56,120,37,0,1
0.805761,4000,32868,100,-100,56,119,36,0,1
0.808747,4000,32918,150,-150,56,120,36,0,1
0.811897,3999,32918,150,-150,56,120,37,0,1
0.815843,3999,32918,150,-150,56,119,36,0,1
0.818740,3998,32918,150,-150,56,120,37,0,1
0.821742,3998,32918,150,-150,56,120,37,0,1
0.824795,3997,32918,150,-150,48,119,36,0,1
0.827795,3997,32918,150,-150,56,120,37,0,1
0.830741,3997,32918,150,-150,56,120,37,0,1
0.833760,3997,32918,150,-150,64,120,36,0,1
0.836752,3996,32918,150,-150,56,120,36,0,1
0.839738,3996,32918,150,-150,56,119,37,0,1
0.842841,3995,32918,150,-150,56,120,37,0,1
0.849770,3994,32918,150,-150,56,120,37,0,1
0.852762,3994,32918,150,-150,56,119,37,0,1
0.855783,3994,32918,150,-150,64,119,37,0,1
0.858761,3993,32918,150,-150,56,119,36,0,1
0.861745,3993,32918,150,-150,56,119,37,0,1
0.864764,3992,32918,150,-150,56,120,36,0,1
0.867738,3992,32918,150,-150,56,120,37,0,1
0.870743,3991,32868,100,-100,56,119,36,0,1
0.873964,3991,32868,100,-100,56,120,36,0,1
0.877858,3991,32868,100,-100,56,119,36,0,1
0.880755,3990,32868,100,-100,56,119,37,0,1
0.883770,3989,32868,100,-100,48,119,36,0,1
0.886748,3989,32868,100,-100,56,119,36,0,1
0.889751,3989,32918,150,-150,56,120,37,0,1
0.892770,3988,32918,150,-150,48,120,37,0,1
0.895763,3988,32918,150,-150,56,120,37,0,1
0.898743,3988,32918,150,-150,56,119,36,0,1
0.901768,3987,32918,150,-150,56,119,37,0,1
0.905022,3987,32918,150,-150,56,119,36,0,1
0.908866,3986,32918,150,-150,56,120,37,0,1
0.911784,3986,32918,150,-150,56,119,37,0,1
0.914790,3985,32918,150,-150,44,119,37,0,1
0.917751,3985,32918,150,-150,52,120,37,0,1
0.920783,3984,32918,150,-150,44,120,37,0,1
0.923774,3984,32918,150,-150,52,120,36,0,1
0.926766,3984,32918,150,-150,52,119,37,0,1
0.929816,3983,32868,100,-100,44,119,37,0,1
0.932811,3983,32868,100,-100,52,119,37,0,1
0.935836,3983,32868,100,-100,60,119,36,0,1
0.938922,3983,32868,100,-100,68,120,36,0,1
0.942805,3982,32868,100,-100,60,119,36,0,1
0.945846,3982,32868,100,-100,60,119,37,0,1
0.948804,3981,32918,150,-150,60,120,37,0,1
0.951753,3981,32918,150,-150,60,119,37,0,1
0.954845,3980,32918,150,-150,56,120,36,0,1
0.957759,3980,32918,150,-150,56,119,36,0,1
0.960752,3979,32918,150,-150,48,119,36,0,1
0.963765,3979,32918,150,-150,56,120,37,0,1
0.966748,3978,32918,150,-150,48,119,37,0,1
0.969796,3978,32918,150,-150,56,119,37,0,1
0.972919,3977,32918,150,-150,48,119,37,0,1
0.976842,3977,32918,150,-150,52,119,36,0,1
0.979753,3977,32918,150,-150,52,119,37,0,1
0.982753,3976,32918,150,-150,44,119,36,0,1
0.985788,3976,32918,150,-150,52,119,36,0,1
0.988777,3976,32868,100,-100,52,120,37,0,1
0.991755,3975,32868,100,-100,52,120,36,0,1
0.994770,3975,32868,100,-100,60,120,37,0,1
0.997751,3975,32868,100,-100,60,119,37,0,1
1.000748,3974,32868,100,-100,60,120,37,0,1
1.003793,3974,32868,100,-100,60,120,36,0,1
1.006753,3973,32868,100,-100,60,119,37,0,1
1.009751,3973,32918,150,-150,60,120,37,0,1
1.012923,3972,32918,150,-150,52,120,36,0,1
1.020788,3971,32918,150,-150,56,120,36,0,1
1.023781,3971,32918,150,-150,56,120,36,0,1
1.026774,3971,32918,150,-150,56,119,36,0,1
1.029764,3970,32868,100,-100,56,119,36,0,1
1.032779,3970,32868,100,-100,56,120,37,0,1
1.035774,3969,32868,100,-100,56,120,37,0,1
1.038775,3969,32868,100,-100,56,120,36,0,1
1.041758,3969,32868,100,-100,56,120,37,0,1
1.044977,3968,32868,100,-100,56,119,37,0,1
1.048759,3968,32918,150,-150,56,119,36,0,1
1.051755,3967,32918,150,-150,56,119,37,0,1
1.054829,3967,32918,150,-150,56,119,37,0,1
1.057756,3967,32918,150,-150,56,119,36,0,1
1.060794,3966,32918,150,-150,56,119,36,0,1
1.063779,3966,32918,150,-150,56,120,37,0,1
1.066754,3965,32918,150,-150,56,120,37,0,1
1.069755,3965,32918,150,-150,56,120,36,0,1
1.072793,3964,32918,150,-150,48,120,37,0,1
1.075873,3964,32918,150,-150,56,120,36,0,1
1.078891,3963,32918,150,-150,48,119,36,0,1
1.082758,3963,32918,150,-150,56,120,37,0,1
1.085805,3963,32918,150,-150,56,119,37,0,1
1.088776,3962,32918,150,-150,56,119,36,0,1
1.091763,3962,32918,150,-150,56,120,36,0,1
1.094780,3962,32918,150,-150,56,120,36,0,1
1.097756,3961,32918,150,-150,56,120,37,0,1
1.100755,3961,32918,150,-150,56,120,36,0,1
1.103794,3960,32918,150,-150,56,120,37,0,1
1.106916,3960,32868,100,-100,56,120,37,0,1
1.109980,3960,32868,100,-100,64,120,36,0,1
1.113769,3959,32868,100,-100,56,120,37,0,1
1.116810,3959,32868,100,-100,56,120,37,0,1
1.119888,3958,32868,100,-100,56,119,37,0,1
1.122759,3958,32868,100,-100,56,119,36,0,1
1.125788,3957,32868,100,-100,56,120,36,0,1
1.128767,3957,32918,150,-150,56,120,36,0,1
1.131758,3957,32918,150,-150,56,120,37,0,1
1.134774,3956,32918,150,-150,56,119,37,0,1
1.137926,3955,32918,150,-150,48,119,37,0,1
1.141768,3955,32918,150,-150,56,120,36,0,1
1.144824,3955,32918,150,-150,56,119,37,0,1
1.147759,3955,32868,100,-100,56,120,37,0,1
1.150764,3954,32868,100,-100,56,120,36,0,1
1.153833,3954,32868,100,-100,56,120,37,0,1
1.156789,3954,32868,100,-100,64,120,36,0,1
1.159762,3953,32868,100,-100,56,120,37,0,1
1.162770,3953,32868,100,-100,56,119,37,0,1
1.165780,3952,32868,100,-100,56,120,36,0,1
1.168906,3952,32918,150,-150,56,120,37,0,1
1.172905,3951,32918,150,-150,56,120,36,0,1
1.176830,3951,32918,150,-150,56,120,37,0,1
1.179761,3950,32918,150,-150,56,120,37,0,1
1.182760,3950,32918,150,-150,56,120,36,0,1
1.185961,3949,32918,150,-150,56,120,37,0,1
1.189782,3949,32918,150,-150,56,120,36,0,1
1.192766,3949,32918,150,-150,56,119,36,0,1
1.195777,3948,32918,150,-150,56,120,37,0,1
1.198770,3948,32918,150,-150,56,119,36,0,1
1.201911,3947,32918,150,-150,56,120,37,0,1
1.205852,3947,32918,150,-150,56,120,37,0,1
1.208772,3947,32868,100,-100,64,120,37,0,1
1.211791,3946,32868,100,-100,56,119,36,0,1
1.214796,3946,32868,100,-100,56,120,37,0,1
1.217764,3945,32868,100,-100,56,120,36,0,1
1.220786,3945,32868,100,-100,56,119,36,0,1
1.223788,3945,32868,100,-100,64,120,36,0,1
1.226767,3944,32868,100,-100,56,120,37,0,1
1.229776,3944,32918,150,-150,56,119,36,0,1
1.232950,3943,32918,150,-150,56,119,37,0,1
1.236009,3943,32918,150,-150,56,120,36,0,1
1.239798,3942,32918,150,-150,56,119,36,0,1
1.242795,3942,32918,150,-150,56,120,37,0,1
1.245817,3941,32918,150,-150,48,119,37,0,1
1.248782,3941,32918,150,-150,56,120,36,0,1
1.251763,3941,32918,150,-150,56,120,37,0,1
1.254815,3940,32918,150,-150,56,119,36,0,1
1.257786,3940,32918,150,-150,56,119,37,0,1
1.260794,3940,32918,150,-150,56,119,36,0,1
1.263994,3939,32918,150,-150,56,119,37,0,1
1.267775,3939,32868,100,-100,56,119,36,0,1
1.270799,3938,32868,100,-100,56,119,37,0,1
1.273793,3938,32868,100,-100,56,120,37,0,1
1.276790,3937,32868,100,-100,56,119,36,0,1
1.279781,3937,32868,100,-100,56,120,36,0,1
1.282767,3936,32868,100,-100,48,119,37,0,1
1.285794,3936,32868,100,-100,56,120,37,0,1
1.288796,3935,32918,150,-150,48,120,36,0,1
1.291783,3935,32918,150,-150,56,120,37,0,1
1.294985,3935,32918,150,-150,56,120,36,0,1
1.298835,3935,32918,150,-150,64,120,36,0,1
1.301770,3934,32918,150,-150,56,120,37,0,1
1.304823,3934,32918,150,-150,56,120,37,0,1
1.307768,3933,32918,150,-150,56,120,36,0,1
1.310806,3933,32918,150,-150,56,120,37,0,1
1.313794,3932,32918,150,-150,52,120,37,0,1
1.316786,3932,32918,150,-150,52,119,36,0,1
1.319785,3932,32918,150,-150,52,120,36,0,1
1.322782,3931,32918,150,-150,52,119,37,0,1
1.329884,3930,32868,100,-100,52,119,36,0,1
1.332804,3930,32868,100,-100,60,120,36,0,1
1.335802,3930,32868,100,-100,68,119,37,0,1
1.338810,3929,32868,100,-100,60,120,37,0,1
1.341783,3929,32868,100,-100,60,120,37,0,1
1.344798,3928,32868,100,-100,60,120,37,0,1
1.347769,3928,32918,150,-150,60,120,37,0,1
1.350786,3927,32918,150,-150,60,119,37,0,1
1.353811,3927,32918,150,-150,56,119,36,0,1
1.356948,3926,32918,150,-150,48,120,37,0,1
1.360882,3926,32918,150,-150,56,120,37,0,1
1.363803,3926,32918,150,-150,56,119,36,0,1
1.366773,3926,32868,100,-100,64,120,37,0,1
1.369773,3925,32868,100,-100,56,119,37,0,1
1.372810,3925,32868,100,-100,56,119,37,0,1
1.375818,3924,32868,100,-100,56,120,37,0,1
1.378774,3924,32868,100,-100,56,120,37,0,1
1.381771,3924,32868,100,-100,64,120,36,0,1
1.384789,3923,32868,100,-100,56,120,36,0,1
1.387931,3922,32918,150,-150,56,120,36,0,1
1.391852,3922,32918,150,-150,56,119,37,0,1
1.394842,3922,32918,150,-150,56,119,37,0,1
1.397777,3921,32918,150,-150,56,119,36,0,1
1.400773,3921,32918,150,-150,56,119,37,0,1
1.403831,3920,32918,150,-150,56,119,37,0,1
1.406789,3920,32918,150,-150,56,119,37,0,1
1.409776,3920,32918,150,-150,56,119,36,0,1
1.412774,3919,32918,150,-150,56,120,37,0,1
1.415787,3919,32918,150,-150,56,119,36,0,1
1.418933,3918,32918,150,-150,56,120,37,0,1
1.422842,3918,32918,150,-150,56,120,36,0,1
1.425828,3917,32918,150,-150,56,119,36,0,1
1.428776,3917,32918,150,-150,56,120,36,0,1
1.431772,3916,32918,150,-150,48,120,37,0,1
1.434795,3916,32918,150,-150,52,120,36,0,1
1.437801,3916,32918,150,-150,52,120,37,0,1
1.440779,3915,32918,150,-150,52,120,37,0,1
1.443799,3915,32918,150,-150,52,119,36,0,1
1.446774,3915,32868,100,-100,52,120,37,0,1
1.449813,3914,32868,100,-100,52,120,36,0,1
1.452880,3914,32868,100,-100,60,119,37,0,1
1.455859,3913,32868,100,-100,60,120,36,0,1
1.458805,3913,32868,100,-100,60,120,36,0,1
1.461796,3913,32868,100,-100,60,119,37,0,1
1.464812,3913,32868,100,-100,68,120,37,0,1
1.467774,3912,32918,150,-150,60,119,37,0,1
1.470801,3912,32918,150,-150,68,119,37,0,1
1.473802,3911,32918,150,-150,56,120,37,0,1
1.476793,3911,32918,150,-150,56,120,37,0,1
1.479776,3910,32918,150,-150,56,120,37,0,1
1.482777,3910,32918,150,-150,56,120,37,0,1
1.485793,3909,32918,150,-150,48,119,37,0,1
1.488800,3909,32918,150,-150,56,119,37,0,1
1.491898,3908,32918,150,-150,48,120,37,0,1
1.494873,3908,32918,150,-150,52,120,37,0,1
1.497783,3908,32918,150,-150,52,120,37,0,1
1.500779,3907,32918,150,-150,44,119,37,0,1
1.503822,3907,32918,150,-150,52,119,37,0,1
1.506799,3906,32918,150,-150,44,119,37,0,1
1.509783,3906,32918,150,-150,52,119,36,0,1
1.512778,3906,32918,150,-150,60,119,37,0,1
1.515796,3905,32918,150,-150,52,120,36,0,1
1.518778,3905,32918,150,-150,60,120,37,0,1
1.521872,3905,32918,150,-150,60,120,36,0,1
1.524926,3905,32918,150,-150,68,120,36,0,1
1.527799,3904,32868,100,-100,60,119,37,0,1
1.530781,3904,32868,100,-100,60,119,37,0,1
1.533800,3903,32868,100,-100,56,120,36,0,1
1.536793,3903,32868,100,-100,56,119,37,0,1
1.539796,3902,32868,100,-100,56,119,36,0,1
1.542791,3902,32868,100,-100,56,120,37,0,1
1.545800,3902,32868,100,-100,56,120,36,0,1
1.548780,3901,32918,150,-150,56,120,36,0,1
1.551807,3901,32918,150,-150,56,119,37,0,1
1.555017,3900,32918,150,-150,52,119,36,0,1
1.558822,3900,32918,150,-150,52,120,36,0,1
1.561798,3899,32918,150,-150,52,119,37,0,1
1.564808,3899,32918,150,-150,52,120,37,0,1
1.567930,3898,32868,100,-100,52,120,37,0,1
1.571801,3898,32868,100,-100,52,120,36,0,1
1.574814,3898,32868,100,-100,60,119,37,0,1
1.577787,3897,32868,100,-100,60,119,36,0,1
1.580783,3897,32868,100,-100,60,120,36,0,1
1.583840,3896,32868,100,-100,60,119,36,0,1
1.586931,3896,32918,150,-150,60,120,37,0,1
1.590796,3896,32918,150,-150,60,120,36,0,1
1.593836,3895,32918,150,-150,56,119,37,0,1
1.596785,3895,32918,150,-150,56,119,37,0,1
1.599795,3894,32918,150,-150,56,120,36,0,1
1.602783,3894,32918,150,-150,56,119,37,0,1
1.605829,3893,32918,150,-150,56,120,37,0,1
1.608789,3893,32918,150,-150,56,119,37,0,1
1.611783,3892,32918,150,-150,44,119,37,0,1
1.614845,3892,32918,150,-150,52,119,36,0,1
1.617894,3892,32918,150,-150,52,119,37,0,1
1.620812,3891,32918,150,-150,52,120,37,0,1
1.623819,3891,32918,150,-150,52,120,37,0,1
1.626817,3891,32868,100,-100,52,120,37,0,1
1.629787,3890,32868,100,-100,52,119,36,0,1
1.632799,3890,32868,100,-100,60,119,36,0,1
1.635803,3890,32868,100,-100,68,119,37,0,1
1.638811,3889,32868,100,-100,60,120,36,0,1
1.641791,3889,32868,100,-100,60,120,36,0,1
1.644808,3888,32868,100,-100,60,120,36,0,1
1.647902,3888,32918,150,-150,60,119,37,0,1
1.650792,3887,32918,150,-150,60,119,36,0,1
1.653852,3887,32918,150,-150,56,120,37,0,1
1.656796,3886,32918,150,-150,48,120,36,0,1
1.659807,3886,32918,150,-150,56,120,36,0,1
1.662806,3886,32918,150,-150,56,120,37,0,1
1.665809,3885,32918,150,-150,56,120,36,0,1
1.668788,3885,32918,150,-150,56,120,37,0,1
1.671815,3884,32918,150,-150,44,120,37,0,1
1.674817,3884,32918,150,-150,52,119,36,0,1
1.677921,3884,32918,150,-150,52,120,37,0,1
1.681862,3883,32918,150,-150,52,119,36,0,1
1.684824,3883,32918,150,-150,52,120,37,0,1
1.687813,3883,32868,100,-100,52,120,37,0,1
1.690792,3882,32868,100,-100,52,119,36,0,1
1.693863,3882,32868,100,-100,60,120,37,0,1
1.696793,3881,32868,100,-100,60,120,37,0,1
1.699805,3881,32868,100,-100,60,119,36,0,1
1.702791,3881,32868,100,-100,60,120,37,0,1
1.705845,3880,32918,150,-150,60,119,36,0,1
1.708859,3879,32918,150,-150,52,120,37,0,1
1.711891,3879,32918,150,-150,56,120,37,0,1
1.714832,3879,32918,150,-150,56,119,36,0,1
1.717792,3878,32918,150,-150,48,120,36,0,1
1.720815,3878,32918,150,-150,56,119,37,0,1
1.723900,3877,32918,150,-150,48,119,36,0,1
1.726805,3877,32918,150,-150,56,120,36,0,1
1.729794,3877,32918,150,-150,56,120,37,0,1
1.732790,3877,32918,150,-150,56,119,36,0,1
1.735804,3876,32918,150,-150,56,120,37,0,1
1.738815,3876,32918,150,-150,56,119,37,0,1
1.741932,3875,32918,150,-150,56,119,36,0,1
1.745850,3875,32868,100,-100,56,120,37,0,1
1.748793,3874,32868,100,-100,56,120,36,0,1
1.751790,3874,32868,100,-100,56,119,36,0,1
1.754911,3873,32868,100,-100,48,120,37,0,1
1.757801,3873,32868,100,-100,56,119,36,0,1
1.760795,3873,32868,100,-100,56,120,37,0,1
1.763811,3872,32868,100,-100,56,119,36,0,1
1.766793,3872,32918,150,-150,56,120,37,0,1
1.769793,3871,32918,150,-150,48,120,37,0,1
1.772929,3871,32918,150,-150,56,120,36,0,1
1.776869,3871,32918,150,-150,56,120,37,0,1
1.779798,3870,32918,150,-150,56,119,37,0,1
1.782801,3870,32918,150,-150,56,120,37,0,1
1.786017,3869,32918,150,-150,56,120,36,0,1
1.789823,3869,32918,150,-150,56,120,37,0,1
1.792812,3869,32918,150,-150,56,120,37,0,1
1.795815,3868,32918,150,-150,56,120,36,0,1
1.798808,3868,32918,150,-150,56,120,37,0,1
1.801827,3867,32918,150,-150,56,119,37,0,1
1.804975,3867,32868,100,-100,56,120,36,0,1
1.808813,3866,32868,100,-100,56,120,36,0,1
1.811807,3866,32868,100,-100,56,120,36,0,1
1.814823,3866,32868,100,-100,56,120,37,0,1
1.817835,3865,32868,100,-100,56,120,36,0,1
1.820818,3865,32868,100,-100,56,120,37,0,1
1.823833,3864,32868,100,-100,56,120,37,0,1
1.826803,3864,32918,150,-150,56,120,36,0,1
1.829795,3864,32918,150,-150,56,119,37,0,1
1.832796,3863,32918,150,-150,60,120,36,0,1
1.835984,3863,32918,150,-150,60,120,36,0,1
1.839836,3863,32918,150,-150,68,120,37,0,1
1.842829,3862,32918,150,-150,60,120,37,0,1
1.845831,3862,32868,100,-100,60,120,36,0,1
1.848801,3861,32868,100,-100,60,120,36,0,1
1.851815,3861,32868,100,-100,52,120,37,0,1
1.854847,3860,32868,100,-100,52,120,37,0,1
1.857807,3860,32868,100,-100,52,119,37,0,1
1.860804,3859,32868,100,-100,44,120,37,0,1
1.863813,3859,32868,100,-100,52,119,37,0,1
1.866797,3859,32918,150,-150,52,120,36,0,1
1.869799,3858,32918,150,-150,52,120,37,0,1
1.872815,3858,32918,150,-150,56,120,36,0,1
1.875917,3857,32918,150,-150,56,119,37,0,1
1.878931,3857,32918,150,-150,56,120,36,0,1
1.881998,3857,32918,150,-150,56,119,37,0,1
1.885828,3856,32918,150,-150,56,120,37,0,1
1.888826,3856,32918,150,-150,56,120,37,0,1
1.891838,3855,32918,150,-150,60,119,37,0,1
1.894824,3855,32918,150,-150,60,120,37,0,1
1.897799,3855,32918,150,-150,60,120,36,0,1
1.900800,3854,32918,150,-150,60,119,37,0,1
1.903836,3854,32918,150,-150,60,119,36,0,1
1.906927,3853,32868,100,-100,60,120,36,0,1
1.910912,3853,32868,100,-100,52,119,36,0,1
1.913839,3852,32868,100,-100,52,120,37,0,1
1.916927,3852,32868,100,-100,52,120,36,0,1
1.920830,3851,32868,100,-100,52,120,36,0,1
1.923889,3851,32868,100,-100,52,119,37,0,1
1.926807,3851,32918,150,-150,52,120,36,0,1
1.929870,3850,32918,150,-150,52,119,36,0,1
1.932825,3850,32918,150,-150,56,120,37,0,1
1.935844,3850,32918,150,-150,64,120,36,0,1
1.938897,3849,32918,150,-150,56,120,36,0,1
1.941989,3849,32918,150,-150,56,120,36,0,1
1.946026,3848,32918,150,-150,56,120,37,0,1
1.949878,3847,32918,150,-150,48,120,36,0,1
1.952819,3847,32918,150,-150,56,120,37,0,1
1.955949,3847,32918,150,-150,56,120,36,0,1
1.958844,3846,32918,150,-150,56,119,37,0,1
1.961808,3846,32918,150,-150,56,120,36,0,1
1.964827,3846,32868,100,-100,56,120,36,0,1
1.967804,3845,32868,100,-100,56,120,36,0,1
1.970823,3845,32868,100,-100,56,120,36,0,1
1.974000,3844,32868,100,-100,56,120,36,0,1
1.977905,3844,32868,100,-100,56,119,37,0,1
1.980817,3843,32868,100,-100,56,120,37,0,1
1.983836,3843,32868,100,-100,56,120,36,0,1
1.986829,3842,32918,150,-150,48,119,37,0,1
1.989838,3842,32918,150,-150,56,120,36,0,1
1.992821,3842,32918,150,-150,56,120,36,0,1
1.995832,3841,32918,150,-150,56,120,37,0,1
1.998807,3841,32918,150,-150,56,119,37,0,1
2.001805,3841,32918,150,-150,56,120,36,0,1
2.005024,3840,32918,150,-150,56,119,36,0,1
2.008892,3840,32918,150,-150,56,119,37,0,1
2.011818,3839,32918,150,-150,56,120,36,0,1
2.014838,3839,32918,150,-150,56,119,37,0,1
2.017808,3838,32918,150,-150,48,120,36,0,1
2.020868,3838,32918,150,-150,56,120,37,0,1
2.023832,3838,32918,150,-150,56,120,36,0,1
2.026811,3837,32918,150,-150,56,120,37,0,1
2.029807,3837,32918,150,-150,56,120,36,0,1
2.032817,3836,32918,150,-150,48,120,37,0,1
2.035927,3836,32918,150,-150,56,120,37,0,1
2.038910,3836,32918,150,-150,56,119,37,0,1
2.041854,3835,32918,150,-150,56,120,36,0,1
2.044884,3835,32868,100,-100,56,119,36,0,1
2.047812,3834,32868,100,-100,48,120,37,0,1
2.050821,3834,32868,100,-100,56,120,36,0,1
2.053861,3834,32868,100,-100,56,119,37,0,1
2.056839,3833,32868,100,-100,56,120,37,0,1
2.059815,3833,32868,100,-100,56,119,36,0,1
2.062813,3833,32868,100,-100,56,120,37,0,1
2.065871,3832,32918,150,-150,56,120,37,0,1
2.068961,3832,32918,150,-150,56,120,36,0,1
2.072837,3831,32918,150,-150,56,119,37,0,1
2.075880,3831,32918,150,-150,56,120,36,0,1
2.078834,3830,32918,150,-150,56,120,36,0,1
2.081828,3830,32918,150,-150,56,119,37,0,1
2.084836,3830,32868,100,-100,56,119,37,0,1
2.087825,3829,32868,100,-100,56,119,37,0,1
2.090831,3828,32868,100,-100,44,120,37,0,1
2.093836,3828,32868,100,-100,52,120,37,0,1
2.096812,3828,32868,100,-100,52,120,36,0,1
2.099976,3828,32868,100,-100,52,120,36,0,1
2.103028,3827,32868,100,-100,52,119,37,0,1
2.106871,3827,32918,150,-150,52,120,36,0,1
2.109860,3826,32918,150,-150,52,119,36,0,1
2.112833,3826,32918,150,-150,60,120,37,0,1
2.115835,3826,32918,150,-150,60,119,37,0,1
2.118826,3825,32918,150,-150,60,119,36,0,1
2.121827,3825,32918,150,-150,60,120,37,0,1
2.124868,3824,32918,150,-150,60,120,37,0,1
2.127854,3824,32918,150,-150,60,120,37,0,1
2.130973,3823,32918,150,-150,56,120,37,0,1
2.134853,3823,32918,150,-150,56,120,37,0,1
2.137836,3823,32918,150,-150,56,120,36,0,1
2.140824,3822,32918,150,-150,56,119,37,0,1
2.143873,3822,32918,150,-150,56,120,37,0,1
2.146835,3821,32918,150,-150,56,119,37,0,1
2.149817,3821,32918,150,-150,56,119,36,0,1
2.152813,3821,32918,150,-150,56,120,37,0,1
2.155852,3820,32918,150,-150,56,120,37,0,1
2.158834,3820,32918,150,-150,56,120,36,0,1
2.161976,3819,32918,150,-150,56,119,37,0,1
2.165933,3819,32868,100,-100,56,120,36,0,1
2.168819,3818,32868,100,-100,56,120,37,0,1
2.171836,3818,32868,100,-100,56,119,36,0,1
2.174839,3817,32868,100,-100,48,120,37,0,1
2.177870,3817,32868,100,-100,56,119,37,0,1
2.180830,3817,32868,100,-100,56,119,37,0,1
2.183838,3816,32918,150,-150,56,120,36,0,1
2.186832,3816,32918,150,-150,56,120,36,0,1
2.189835,3815,32918,150,-150,44,119,37,0,1
2.192890,3815,32918,150,-150,52,120,37,0,1
2.196005,3814,32918,150,-150,44,120,37,0,1
2.199825,3814,32918,150,-150,52,119,37,0,1
2.202817,3814,32918,150,-150,52,119,36,0,1
2.205866,3813,32868,100,-100,52,119,36,0,1
2.208836,3813,32868,100,-100,52,119,37,0,1
2.211819,3813,32868,100,-100,60,120,37,0,1
2.214837,3812,32868,100,-100,60,119,37,0,1
2.217817,3812,32868,100,-100,60,120,37,0,1
2.220838,3812,32868,100,-100,68,119,36,0,1
2.224035,3811,32918,150,-150,60,119,37,0,1
2.227923,3811,32918,150,-150,60,119,37,0,1
2.230856,3810,32918,150,-150,56,120,37,0,1
2.233851,3810,32918,150,-150,56,120,37,0,1
2.236824,3809,32918,150,-150,56,119,36,0,1
2.239863,3809,32918,150,-150,56,120,37,0,1
2.242826,3808,32918,150,-150,48,120,37,0,1
2.245841,3808,32918,150,-150,56,120,37,0,1
2.248819,3808,32918,150,-150,56,120,36,0,1
2.251819,3807,32918,150,-150,56,120,36,0,1
2.255040,3806,32918,150,-150,48,119,36,0,1
2.258886,3806,32918,150,-150,56,120,36,0,1
2.261829,3806,32918,150,-150,56,119,36,0,1
2.264846,3806,32868,100,-100,56,120,37,0,1
2.267819,3805,32868,100,-100,56,120,37,0,1
2.270841,3805,32868,100,-100,56,119,36,0,1
2.273842,3804,32868,100,-100,56,120,37,0,1
2.276822,3804,32868,100,-100,56,120,37,0,1
2.279838,3803,32868,100,-100,48,120,37,0,1
2.282844,3803,32868,100,-100,56,120,36,0,1
2.289874,3802,32918,150,-150,56,119,36,0,1
2.292833,3802,32918,150,-150,56,120,37,0,1
2.295852,3801,32918,150,-150,56,120,37,0,1
2.298823,3801,32918,150,-150,56,119,37,0,1
2.301830,3800,32918,150,-150,48,120,37,0,1
2.304845,3800,32918,150,-150,56,120,36,0,1
2.307835,3800,32918,150,-150,56,120,36,0,1
2.310827,3799,32918,150,-150,56,119,36,0,1
2.313839,3799,32918,150,-150,56,119,37,0,1
2.316866,3799,32918,150,-150,56,120,36,0,1
2.319905,3798,32918,150,-150,56,119,37,0,1
2.322826,3798,32918,150,-150,56,120,36,0,1
2.325859,3797,32868,100,-100,56,120,37,0,1
2.328831,3797,32868,100,-100,56,120,37,0,1
2.331839,3797,32868,100,-100,56,120,37,0,1
2.334846,3796,32868,100,-100,56,119,36,0,1
2.337825,3796,32868,100,-100,56,120,36,0,1
2.340826,3795,32868,100,-100,56,120,36,0,1
2.343843,3795,32918,150,-150,56,119,36,0,1
2.346825,3794,32918,150,-150,48,120,37,0,1
2.349931,3794,32918,150,-150,56,120,37,0,1
2.352842,3794,32918,150,-150,56,120,36,0,1
2.355854,3793,32918,150,-150,56,120,37,0,1
2.358854,3793,32918,150,-150,56,120,37,0,1
2.361834,3792,32918,150,-150,48,120,37,0,1
2.364870,3792,32918,150,-150,56,119,37,0,1
2.367827,3792,32918,150,-150,56,120,37,0,1
2.370826,3791,32918,150,-150,52,120,36,0,1
2.373843,3791,32918,150,-150,52,120,36,0,1
2.376828,3790,32918,150,-150,44,119,36,0,1
2.379857,3790,32918,150,-150,52,120,37,0,1
2.382897,3790,32918,150,-150,52,120,37,0,1
2.385857,3789,32868,100,-100,44,120,37,0,1
2.388898,3789,32868,100,-100,52,120,36,0,1
2.391848,3789,32868,100,-100,60,120,37,0,1
2.394883,3788,32868,100,-100,60,120,36,0,1
2.397829,3788,32868,100,-100,60,119,37,0,1
2.400829,3787,32868,100,-100,52,120,36,0,1
2.403844,3787,32918,150,-150,60,120,37,0,1
2.406839,3786,32918,150,-150,52,120,37,0,1
2.409846,3786,32918,150,-150,56,120,36,0,1
2.412874,3785,32918,150,-150,48,119,36,0,1
2.415882,3785,32918,150,-150,48,119,37,0,1
2.418831,3785,32918,150,-150,56,119,36,0,1
2.421832,3784,32918,150,-150,48,120,36,0,1
2.424847,3784,32918,150,-150,56,120,37,0,1
2.427853,3784,32918,150,-150,56,120,37,0,1
2.430829,3783,32918,150,-150,44,119,37,0,1
2.433868,3783,32918,150,-150,52,120,37,0,1
2.436831,3782,32918,150,-150,44,120,37,0,1
2.439848,3782,32918,150,-150,52,120,36,0,1
2.442884,3782,32918,150,-150,52,119,37,0,1
2.445921,3781,32868,100,-100,52,119,36,0,1
2.448830,3781,32868,100,-100,52,120,37,0,1
2.451829,3780,32868,100,-100,52,120,37,0,1
2.454884,3780,32868,100,-100,60,119,36,0,1
2.457859,3780,32868,100,-100,60,119,37,0,1
2.460835,3779,32868,100,-100,52,120,37,0,1
2.463851,3779,32918,150,-150,60,120,36,0,1
2.466833,3779,32918,150,-150,60,120,37,0,1
2.469831,3778,32918,150,-150,56,119,37,0,1
2.472881,3778,32918,150,-150,56,119,37,0,1
2.476054,3777,32918,150,-150,56,120,37,0,1
2.479839,3777,32918,150,-150,56,120,36,0,1
2.482845,3776,32918,150,-150,48,120,37,0,1
2.485854,3776,32918,150,-150,56,120,37,0,1
2.488862,3775,32918,150,-150,44,120,36,0,1
2.491857,3775,32918,150,-150,52,119,37,0,1
2.494858,3775,32918,150,-150,52,119,37,0,1
2.497834,3774,32918,150,-150,52,119,36,0,1
2.500832,3774,32918,150,-150,52,120,37,0,1
2.503947,3773,32918,150,-150,44,119,36,0,1
2.506966,3773,32918,150,-150,52,120,37,0,1
2.510853,3772,32918,150,-150,52,119,36,0,1
2.513867,3772,32918,150,-150,60,120,37,0,1
2.516855,3772,32918,150,-150,60,120,36,0,1
2.519864,3772,32918,150,-150,60,119,37,0,1
2.522844,3771,32868,100,-100,60,119,37,0,1
2.525860,3771,32868,100,-100,60,120,37,0,1
2.528835,3770,32868,100,-100,56,119,37,0,1
2.531845,3770,32868,100,-100,56,119,37,0,1
2.534934,3770,32868,100,-100,56,120,36,0,1
2.537984,3769,32868,100,-100,56,119,37,0,1
2.541862,3768,32868,100,-100,48,120,36,0,1
2.544885,3768,32918,150,-150,56,120,37,0,1
2.547836,3768,32918,150,-150,56,119,36,0,1
2.550858,3767,32918,150,-150,52,120,37,0,1
2.553886,3767,32918,150,-150,52,119,37,0,1
2.556850,3766,32918,150,-150,44,120,36,0,1
2.559852,3766,32918,150,-150,52,120,37,0,1
2.562839,3765,32918,150,-150,44,119,37,0,1
2.565970,3765,32918,150,-150,52,119,37,0,1
2.569003,3765,32918,150,-150,60,120,36,0,1
2.572884,3764,32918,150,-150,60,120,36,0,1
2.575924,3764,32918,150,-150,60,119,36,0,1
2.578842,3764,32918,150,-150,60,120,37,0,1
2.581999,3763,32868,100,-100,60,120,37,0,1
2.585861,3763,32868,100,-100,60,120,36,0,1
2.588852,3762,32868,100,-100,56,119,36,0,1
2.591869,3762,32868,100,-100,56,120,36,0,1
2.594860,3762,32868,100,-100,56,120,36,0,1
2.597917,3761,32868,100,-100,56,120,36,0,1
2.600993,3761,32868,100,-100,56,120,36,0,1
2.604096,3760,32918,150,-150,56,120,36,0,1
2.607852,3760,32918,150,-150,56,119,37,0,1
2.610880,3759,32918,150,-150,56,120,36,0,1
2.613882,3759,32918,150,-150,56,119,36,0,1
2.616840,3758,32918,150,-150,48,119,36,0,1
2.619862,3758,32918,150,-150,56,120,36,0,1
2.622843,3758,32868,100,-100,56,120,36,0,1
2.625888,3757,32868,100,-100,56,120,37,0,1
2.628908,3757,32868,100,-100,56,120,37,0,1
2.631994,3757,32868,100,-100,56,119,36,0,1
2.635895,3756,32868,100,-100,56,120,37,0,1
2.638863,3756,32868,100,-100,56,119,37,0,1
2.641868,3755,32868,100,-100,56,119,36,0,1
2.644917,3755,32918,150,-150,56,119,37,0,1
2.647844,3755,32918,150,-150,56,120,37,0,1
2.650842,3754,32918,150,-150,56,120,36,0,1
2.653890,3754,32918,150,-150,56,120,37,0,1
2.656859,3753,32918,150,-150,56,120,36,0,1
2.659930,3753,32918,150,-150,56,119,37,0,1
2.662998,3752,32918,150,-150,56,120,37,0,1
2.666882,3752,32918,150,-150,56,120,37,0,1
2.669842,3751,32918,150,-150,44,120,36,0,1
2.672865,3751,32918,150,-150,52,119,37,0,1
2.675924,3751,32918,150,-150,52,120,36,0,1
2.678849,3750,32918,150,-150,52,120,36,0,1
2.681844,3750,32918,150,-150,52,120,36,0,1
2.684876,3750,32868,100,-100,52,119,37,0,1
2.687865,3749,32868,100,-100,52,120,37,0,1
2.690910,3749,32868,100,-100,60,120,36,0,1
2.694081,3748,32868,100,-100,60,120,37,0,1
2.697856,3748,32868,100,-100,60,120,36,0,1
2.700854,3748,32868,100,-100,60,120,37,0,1
2.703899,3747,32918,150,-150,60,119,37,0,1
2.706865,3747,32918,150,-150,60,119,36,0,1
2.709871,3746,32918,150,-150,56,119,37,0,1
2.712847,3746,32918,150,-150,56,120,37,0,1
2.715867,3745,32918,150,-150,48,119,37,0,1
2.718846,3745,32918,150,-150,56,120,36,0,1
2.721988,3744,32918,150,-150,48,120,36,0,1
2.726078,3744,32918,150,-150,56,120,37,0,1
2.729898,3743,32918,150,-150,44,120,36,0,1
2.732859,3743,32918,150,-150,52,120,37,0,1
2.735872,3743,32918,150,-150,52,119,37,0,1
2.738867,3742,32918,150,-150,52,120,37,0,1
2.741861,3742,32918,150,-150,52,120,37,0,1
2.744868,3742,32868,100,-100,52,120,37,0,1
2.747847,3741,32868,100,-100,52,120,37,0,1
2.750848,3741,32868,100,-100,60,120,37,0,1
2.753957,3740,32868,100,-100,60,120,36,0,1
2.756987,3740,32868,100,-100,60,120,37,0,1
2.760890,3740,32868,100,-100,60,120,36,0,1
2.763889,3739,32918,150,-150,60,120,36,0,1
2.766872,3739,32918,150,-150,60,119,37,0,1
2.769866,3738,32918,150,-150,56,119,36,0,1
2.772868,3738,32918,150,-150,56,120,37,0,1
2.775931,3737,32918,150,-150,56,119,37,0,1
2.778853,3737,32918,150,-150,56,119,37,0,1
2.781850,3737,32918,150,-150,56,120,37,0,1
2.784919,3736,32868,100,-100,56,119,36,0,1
2.788023,3736,32868,100,-100,56,120,37,0,1
2.791893,3735,32868,100,-100,56,119,36,0,1
2.794927,3735,32868,100,-100,56,120,36,0,1
2.797851,3735,32868,100,-100,64,120,37,0,1
2.800866,3734,32868,100,-100,56,119,37,0,1
2.803875,3734,32918,150,-150,56,119,36,0,1
2.806866,3733,32918,150,-150,56,120,37,0,1
2.809880,3733,32918,150,-150,56,120,37,0,1
2.812853,3732,32918,150,-150,48,120,37,0,1
2.815868,3732,32918,150,-150,56,120,36,0,1
2.819019,3731,32918,150,-150,48,119,37,0,1
2.822870,3731,32918,150,-150,56,120,37,0,1
2.825903,3731,32918,150,-150,56,119,36,0,1
2.828869,3730,32918,150,-150,56,119,37,0,1
2.831870,3730,32918,150,-150,56,120,36,0,1
2.834885,3730,32918,150,-150,56,120,37,0,1
2.837862,3729,32918,150,-150,56,120,36,0,1
2.840864,3729,32918,150,-150,56,120,37,0,1
2.843872,3729,32868,100,-100,64,120,37,0,1
2.846855,3728,32868,100,-100,56,120,37,0,1
2.849852,3728,32868,100,-100,56,120,37,0,1
2.852852,3727,32868,100,-100,56,120,36,0,1
2.855876,3727,32868,100,-100,56,120,37,0,1
2.859014,3726,32868,100,-100,56,120,37,0,1
2.862083,3726,32918,150,-150,56,119,36,0,1
2.865891,3725,32918,150,-150,56,119,37,0,1
2.868854,3725,32918,150,-150,56,120,37,0,1
2.871900,3724,32918,150,-150,48,120,37,0,1
2.874909,3724,32918,150,-150,56,119,36,0,1
2.877858,3723,32918,150,-150,48,119,36,0,1
2.880854,3723,32918,150,-150,56,120,37,0,1
2.883885,3723,32918,150,-150,56,120,36,0,1
2.886863,3722,32918,150,-150,48,120,36,0,1
2.890182,3722,32918,150,-150,56,120,37,0,1
2.897860,3721,32918,150,-150,56,119,37,0,1
2.900857,3721,32918,150,-150,56,119,37,0,1
2.903905,3720,32918,150,-150,56,119,36,0,1
2.906858,3720,32918,150,-150,56,119,36,0,1
2.909878,3720,32918,150,-150,56,120,36,0,1
2.912859,3719,32918,150,-150,56,120,36,0,1
2.915872,3719,32918,150,-150,56,120,36,0,1
2.918871,3718,32918,150,-150,56,120,37,0,1
2.922023,3718,32868,100,-100,56,120,36,0,1
2.925934,3717,32868,100,-100,56,120,36,0,1
2.929090,3717,32868,100,-100,56,119,36,0,1
2.932889,3716,32868,100,-100,48,120,37,0,1
2.935934,3716,32868,100,-100,56,120,36,0,1
2.938905,3716,32868,100,-100,56,120,36,0,1
2.941889,3715,32918,150,-150,56,120,37,0,1
2.944940,3715,32918,150,-150,56,120,36,0,1
2.947908,3714,32918,150,-150,44,120,37,0,1
2.950870,3714,32918,150,-150,52,120,36,0,1
2.954010,3714,32918,150,-150,52,120,36,0,1
2.957004,3713,32918,150,-150,52,119,37,0,1
2.960911,3713,32918,150,-150,52,119,37,0,1
2.963894,3712,32868,100,-100,52,120,36,0,1
2.966863,3712,32868,100,-100,52,119,36,0,1
2.969876,3712,32868,100,-100,60,119,37,0,1
2.972864,3711,32868,100,-100,60,120,36,0,1
2.975911,3711,32868,100,-100,60,120,37,0,1
2.978863,3711,32868,100,-100,68,119,37,0,1
2.981860,3710,32918,150,-150,60,120,36,0,1
2.984928,3709,32918,150,-150,52,119,37,0,1
2.988030,3709,32918,150,-150,56,119,37,0,1
2.991892,3709,32918,150,-150,56,120,37,0,1
2.994941,3708,32918,150,-150,56,119,37,0,1
2.997866,3708,32918,150,-150,56,120,37,0,1
3.000876,3708,32918,150,-150,56,120,36,0,1
3.003885,3707,32918,150,-150,56,120,37,0,1
3.006864,3707,32918,150,-150,56,119,37,0,1
3.009888,3706,32918,150,-150,52,120,37,0,1
3.012879,3706,32918,150,-150,52,120,37,0,1
3.015923,3706,32918,150,-150,52,120,37,0,1
3.019016,3705,32918,150,-150,52,119,37,0,1
3.022876,3704,32868,100,-100,44,119,36,0,1
3.025917,3704,32868,100,-100,52,119,37,0,1
3.028869,3704,32868,100,-100,60,119,36,0,1
3.031861,3703,32868,100,-100,52,120,37,0,1
3.034885,3703,32868,100,-100,60,119,37,0,1
3.037871,3702,32868,100,-100,52,120,37,0,1
3.040885,3702,32868,100,-100,52,119,36,0,1
3.043870,3701,32918,150,-150,52,119,37,0,1
3.046866,3701,32918,150,-150,52,119,36,0,1
3.050033,3701,32918,150,-150,44,119,37,0,1
3.053918,3701,32918,150,-150,52,120,37,0,1
3.056869,3700,32918,150,-150,44,120,37,0,1
3.059904,3700,32918,150,-150,44,119,37,0,1
3.062867,3699,32868,100,-100,36,120,37,0,1
3.065878,3699,32868,100,-100,44,120,37,0,1
3.068866,3699,32868,100,-100,48,120,37,0,1
3.071870,3698,32868,100,-100,40,120,37,0,1
3.074884,3698,32868,100,-100,40,119,36,0,1
3.077869,3698,32868,100,-100,48,120,37,0,1
3.081037,3698,32868,100,-100,48,120,36,0,1
3.084891,3697,32868,100,-100,40,119,37,0,1
3.087905,3697,32868,100,-100,36,120,37,0,1
3.090887,3697,32868,100,-100,36,119,37,0,1
3.094040,3696,32868,100,-100,36,120,36,0,1
3.097872,3696,32868,100,-100,36,119,37,0,1
3.100927,3696,32868,100,-100,36,120,37,0,1
3.103951,3695,32868,100,-100,28,120,37,0,1
3.106887,3695,32868,100,-100,28,120,37,0,1
3.109908,3695,32868,100,-100,28,120,37,0,1
3.113041,3695,32868,100,-100,28,120,36,0,1
3.116906,3694,32868,100,-100,20,119,37,0,1
3.119887,3694,32868,100,-100,20,119,37,0,1
3.122885,3694,32868,100,-100,20,119,36,0,1
3.125947,3694,32868,100,-100,20,119,36,0,1
3.129039,3694,32868,100,-100,20,120,36,0,1
3.133009,3694,32868,100,-100,20,120,37,0,1
3.136929,3694,32868,100,-100,20,119,36,0,1
3.139885,3694,32868,100,-100,20,119,37,0,1
3.142886,3694,0,0,0,20,120,37,0,0
3.146030,3694,0,0,0,24,120,36,0,0
3.150027,3694,0,0,0,24,119,37,0,0
3.153906,3694,0,0,0,24,120,36,0,0
3.156985,3694,0,0,0,24,120,37,0,0
3.160023,3694,0,0,0,24,119,37,0,0
3.163998,3694,0,0,0,24,119,37,0,0
3.168006,3694,0,0,0,24,119,37,0,0
3.171921,3694,0,0,0,24,120,37,0,0
3.174904,3694,0,0,0,24,120,37,0,0
3.177931,3694,0,0,0,24,120,36,0,0
3.180993,3694,0,0,0,24,120,37,0,0
3.184223,3694,0,0,0,24,119,37,0,0
3.187929,3694,0,0,0,24,119,37,0,0
3.190942,3694,0,0,0,24,120,36,0,0
3.193957,3694,0,0,0,24,120,36,0,0
3.196965,3694,0,0,0,24,120,37,0,0
3.199949,3694,0,0,0,24,119,37,0,0
3.202983,3694,0,0,0,24,120,37,0,0
3.205926,3694,0,0,0,24,120,36,0,0
3.208956,3694,0,0,0,24,119,37,0,0
3.212047,3694,0,0,0,24,120,37,0,0
3.216029,3694,0,0,0,24,119,37,0,0
3.220695,3694,0,0,0,24,120,37,0,0
3.223924,3694,0,0,0,24,120,36,0,0
3.226920,3694,0,0,0,24,119,36,0,0
3.229912,3694,0,0,0,24,120,36,0,0
3.232883,3694,0,0,0,24,120,36,0,0
3.235905,3694,0,0,0,24,120,36,0,0
3.238935,3694,0,0,0,24,119,36,0,0
3.241922,3694,0,0,0,24,120,36,0,0
3.244907,3694,0,0,0,24,120,37,0,0
3.247908,3694,0,0,0,24,120,37,0,0
3.250886,3694,0,0,0,24,119,37,0,0
3.253930,3694,0,0,0,24,120,36,0,0
3.258164,3694,0,0,0,24,120,36,0,0
3.261990,3694,0,0,0,24,120,37,0,0
3.264927,3694,0,0,0,24,120,37,0,0
3.267956,3694,0,0,0,24,119,36,0,0
3.270924,3694,0,0,0,24,120,37,0,0
3.274079,3694,0,0,0,24,119,37,0,0
3.277951,3694,0,0,0,24,119,37,0,0
3.281524,3694,0,0,0,24,120,37,0,0
3.284912,3694,0,0,0,24,120,37,0,0
3.287961,3694,0,0,0,24,119,37,0,0
3.291552,3694,0,0,0,24,120,37,0,0
3.294969,3694,0,0,0,24,120,36,0,0
3.297903,3694,0,0,0,24,119,37,0,0
3.300940,3694,0,0,0,24,120,36,0,0
3.303922,3694,0,0,0,24,120,36,0,0
3.306936,3694,0,0,0,24,120,36,0,0
3.309917,3694,0,0,0,24,119,36,0,0
3.312893,3694,0,0,0,24,120,36,0,0
3.315887,3694,0,0,0,24,120,36,0,0
3.318889,3694,0,0,0,24,120,36,0,0
3.321892,3694,0,0,0,24,119,36,0,0
3.325089,3694,0,0,0,24,120,37,0,0
3.328928,3694,0,0,0,24,120,36,0,0
3.331890,3694,0,0,0,24,119,36,0,0
3.334897,3694,0,0,0,24,119,37,0,0
3.337909,3694,0,0,0,24,119,36,0,0
3.340896,3694,0,0,0,24,120,37,0,0
3.343895,3694,0,0,0,24,120,36,0,0
3.346902,3694,0,0,0,24,120,37,0,0
3.349891,3694,0,0,0,24,120,36,0,0
3.352896,3694,0,0,0,24,120,37,0,0
3.356060,3694,0,0,0,24,120,36,0,0
3.359108,3694,0,0,0,24,120,37,0,0
3.362912,3694,0,0,0,24,120,36,0,0
3.365892,3694,0,0,0,24,120,36,0,0
3.368911,3694,0,0,0,24,120,37,0,0
3.371916,3694,0,0,0,24,120,37,0,0
3.374905,3694,0,0,0,24,119,37,0,0
3.377893,3694,0,0,0,24,119,37,0,0
3.380894,3694,0,0,0,24,120,36,0,0
3.383889,3694,0,0,0,24,120,36,0,0
3.387253,3694,0,0,0,24,119,36,0,0
3.390977,3694,0,0,0,24,119,37,0,0
3.393961,3694,0,0,0,24,120,37,0,0
3.396925,3694,0,0,0,24,119,36,0,0
3.399892,3694,0,0,0,24,120,37,0,0
3.402914,3694,0,0,0,24,120,37,0,0
3.405921,3694,0,0,0,24,119,37,0,0
3.408938,3694,0,0,0,24,119,37,0,0
3.411900,3694,0,0,0,24,120,36,0,0
3.414894,3694,0,0,0,24,120,37,0,0
3.418275,3694,0,0,0,24,120,37,0,0
3.422005,3694,0,0,0,24,119,37,0,0
3.424900,3694,0,0,0,24,120,37,0,0
3.427949,3694,0,0,0,24,120,37,0,0
3.430901,3694,0,0,0,24,120,37,0,0
3.433906,3694,0,0,0,24,120,37,0,0
3.436904,3694,0,0,0,24,120,36,0,0
3.439912,3694,0,0,0,24,119,37,0,0
3.442924,3694,0,0,0,24,119,36,0,0
3.445900,3694,0,0,0,24,120,36,0,0
3.449139,3694,0,0,0,24,120,37,0,0
3.453039,3694,0,0,0,24,120,36,0,0
3.456924,3694,0,0,0,24,120,37,0,0
3.459960,3694,0,0,0,24,119,36,0,0
3.462903,3694,0,0,0,24,119,37,0,0
3.465915,3694,0,0,0,24,120,37,0,0
3.468900,3694,0,0,0,24,119,36,0,0
3.471920,3694,0,0,0,24,119,36,0,0
3.474923,3694,0,0,0,24,120,37,0,0
3.477902,3694,0,0,0,24,120,36,0,0
3.480989,3694,0,0,0,24,120,37,0,0
3.484040,3694,0,0,0,24,119,36,0,0
3.487927,3694,0,0,0,24,119,36,0,0
3.490902,3694,0,0,0,24,120,36,0,0
3.493957,3694,0,0,0,24,119,36,0,0
3.496915,3694,0,0,0,24,119,36,0,0
3.499896,3694,0,0,0,24,120,37,0,0
3.502895,3694,0,0,0,24,119,36,0,0
3.505902,3694,0,0,0,24,119,36,0,0
3.508933,3694,0,0,0,24,120,36,0,0
3.512091,3694,0,0,0,24,120,36,0,0
3.515999,3694,0,0,0,24,119,37,0,0
3.518908,3694,0,0,0,24,119,37,0,0
3.521912,3694,0,0,0,24,119,36,0,0
3.524899,3694,0,0,0,24,120,37,0,0
3.527958,3694,0,0,0,24,120,36,0,0
3.530904,3694,0,0,0,24,120,37,0,0
3.533898,3694,0,0,0,24,119,37,0,0
3.536917,3694,0,0,0,24,119,36,0,0
3.539902,3694,0,0,0,24,120,36,0,0
3.542930,3694,0,0,0,24,119,36,0,0
3.546069,3694,0,0,0,24,119,37,0,0
3.549926,3694,0,0,0,24,119,37,0,0
3.552903,3694,0,0,0,24,120,36,0,0
3.555912,3694,0,0,0,24,120,37,0,0
3.559015,3694,0,0,0,24,119,37,0,0
3.561950,3694,0,0,0,24,119,36,0,0
3.564916,3694,0,0,0,24,120,36,0,0
3.567903,3694,0,0,0,24,120,36,0,0
3.570917,3694,0,0,0,24,120,37,0,0
3.573934,3694,0,0,0,24,120,36,0,0
3.577083,3694,0,0,0,24,119,37,0,0
3.580193,3694,0,0,0,24,119,36,0,0
3.583910,3694,0,0,0,24,119,36,0,0
3.586941,3694,0,0,0,24,119,36,0,0
3.589909,3694,0,0,0,24,120,36,0,0
3.592933,3694,0,0,0,24,120,37,0,0
3.595906,3694,0,0,0,24,120,37,0,0
3.598904,3694,0,0,0,24,119,36,0,0
3.601904,3694,0,0,0,24,119,37,0,0
3.604915,3694,0,0,0,24,120,37,0,0
3.608095,3694,0,0,0,24,119,36,0,0
3.611999,3694,0,0,0,24,120,36,0,0
3.614913,3694,0,0,0,24,120,37,0,0
3.617907,3694,0,0,0,24,119,36,0,0
3.620948,3694,0,0,0,24,119,36,0,0
3.623947,3694,0,0,0,24,120,36,0,0
3.626929,3694,0,0,0,24,120,37,0,0
3.629910,3694,0,0,0,24,120,36,0,0
3.632907,3694,0,0,0,24,120,37,0,0
3.635905,3694,0,0,0,24,120,37,0,0
3.639070,3694,0,0,0,24,119,37,0,0
3.643013,3694,0,0,0,24,119,37,0,0
3.645918,3694,0,0,0,24,119,37,0,0
3.648910,3694,0,0,0,24,119,37,0,0
3.651910,3694,0,0,0,24,120,37,0,0
3.654966,3694,0,0,0,24,119,36,0,0
3.657938,3694,0,0,0,24,120,37,0,0
3.660934,3694,0,0,0,24,120,36,0,0
3.663913,3694,0,0,0,24,120,36,0,0
3.666909,3694,0,0,0,24,120,36,0,0
3.670075,3694,0,0,0,24,120,37,0,0
3.674000,3694,0,0,0,24,120,37,0,0
3.676983,3694,0,0,0,24,119,36,0,0
3.679919,3694,0,0,0,24,119,36,0,0
3.682913,3694,0,0,0,24,119,36,0,0
3.685933,3694,0,0,0,24,120,36,0,0
3.688939,3694,0,0,0,24,119,36,0,0
3.691939,3694,0,0,0,24,120,37,0,0
3.694937,3694,0,0,0,24,120,36,0,0
3.697915,3694,0,0,0,24,119,37,0,0
3.700926,3694,0,0,0,24,119,37,0,0
3.704088,3694,0,0,0,24,120,37,0,0
3.707921,3694,0,0,0,24,119,37,0,0
3.710960,3694,0,0,0,24,119,37,0,0
3.713920,3694,0,0,0,24,120,37,0,0
3.716932,3694,0,0,0,24,119,37,0,0
3.719912,3694,0,0,0,24,120,37,0,0
3.722960,3694,0,0,0,24,120,37,0,0
3.725940,3694,0,0,0,24,120,36,0,0
3.728916,3694,0,0,0,24,119,36,0,0
3.731913,3694,0,0,0,24,119,37,0,0
3.735097,3694,0,0,0,24,119,36,0,0
3.738982,3694,0,0,0,24,120,36,0,0
3.741923,3694,0,0,0,24,119,37,0,0
3.744954,3694,0,0,0,24,120,37,0,0
3.747917,3694,0,0,0,24,119,36,0,0
3.750959,3694,0,0,0,24,120,36,0,0
3.753945,3694,0,0,0,24,119,36,0,0
3.756931,3694,0,0,0,24,119,36,0,0
3.759940,3694,0,0,0,24,120,37,0,0
3.762927,3694,0,0,0,24,120,37,0,0
3.766068,3694,0,0,0,24,120,37,0,0
3.769173,3694,0,0,0,24,120,36,0,0
3.772963,3694,0,0,0,24,119,36,0,0
3.775972,3694,0,0,0,24,120,37,0,0
3.778920,3694,0,0,0,24,120,37,0,0
3.781934,3694,0,0,0,24,119,36,0,0
3.784942,3694,0,0,0,24,120,36,0,0
3.787948,3694,0,0,0,24,120,36,0,0
3.790945,3694,0,0,0,24,120,36,0,0
3.793947,3694,0,0,0,24,119,37,0,0
3.797075,3694,0,0,0,24,119,37,0,0
3.800967,3694,0,0,0,24,119,37,0,0
3.803957,3694,0,0,0,24,120,36,0,0
3.806922,3694,0,0,0,24,120,36,0,0
3.809966,3694,0,0,0,24,120,37,0,0
3.812935,3694,0,0,0,24,119,36,0,0
3.815916,3694,0,0,0,24,120,36,0,0
3.818920,3694,0,0,0,24,120,37,0,0
3.821944,3694,0,0,0,24,120,36,0,0
3.824943,3694,0,0,0,24,119,37,0,0
3.827990,3694,0,0,0,24,119,37,0,0
3.831063,3694,0,0,0,24,120,37,0,0
3.834931,3694,0,0,0,24,119,36,0,0
3.838020,3694,0,0,0,24,120,36,0,0
3.840926,3694,0,0,0,24,120,37,0,0
3.843961,3694,0,0,0,24,119,36,0,0
3.846923,3694,0,0,0,24,119,36,0,0
3.849922,3694,0,0,0,24,120,36,0,0
3.852953,3694,0,0,0,24,120,36,0,0
3.855943,3694,0,0,0,24,120,37,0,0
3.858953,3694,0,0,0,24,120,36,0,0
3.862090,3694,0,0,0,24,120,37,0,0
3.865938,3694,0,0,0,24,119,37,0,0
3.868924,3694,0,0,0,24,120,36,0,0
3.871964,3694,0,0,0,24,120,37,0,0
3.874939,3694,0,0,0,24,120,36,0,0
3.877957,3694,0,0,0,24,120,36,0,0
3.880927,3694,0,0,0,24,120,37,0,0
3.883920,3694,0,0,0,24,119,36,0,0
3.886947,3694,0,0,0,24,119,37,0,0
3.889926,3694,0,0,0,24,119,37,0,0
3.893142,3694,0,0,0,24,119,36,0,0
3.896945,3694,0,0,0,24,120,36,0,0
3.899947,3694,0,0,0,24,120,37,0,0
3.902925,3694,0,0,0,24,119,37,0,0
3.905963,3694,0,0,0,24,119,36,0,0
3.908948,3694,0,0,0,24,120,37,0,0
3.911944,3694,0,0,0,24,119,37,0,0
3.914930,3694,0,0,0,24,120,36,0,0
3.917921,3694,0,0,0,24,120,36,0,0
3.920950,3694,0,0,0,24,120,36,0,0
3.924104,3694,0,0,0,24,120,37,0,0
3.927984,3694,0,0,0,24,120,37,0,0
3.931013,3694,0,0,0,24,120,36,0,0
3.933939,3694,0,0,0,24,120,37,0,0
3.936972,3694,0,0,0,24,120,37,0,0
3.939990,3694,0,0,0,24,119,36,0,0
3.942992,3694,0,0,0,24,120,36,0,0
3.945948,3694,0,0,0,24,120,37,0,0
3.949003,3694,0,0,0,24,120,36,0,0
3.951949,3694,0,0,0,24,119,37,0,0
3.954993,3694,0,0,0,24,120,36,0,0
3.958135,3694,0,0,0,24,120,36,0,0
3.962001,3694,0,0,0,24,120,36,0,0
3.964934,3694,0,0,0,24,119,37,0,0
3.967925,3694,0,0,0,24,120,36,0,0
3.970967,3694,0,0,0,24,120,37,0,0
3.973965,3694,0,0,0,24,120,37,0,0
3.976949,3694,0,0,0,24,119,37,0,0
3.979929,3694,0,0,0,24,119,37,0,0
3.982926,3694,0,0,0,24,120,36,0,0
3.985924,3694,0,0,0,24,120,36,0,0
3.989050,3694,0,0,0,24,119,36,0,0
3.993074,3694,0,0,0,24,120,36,0,0
3.996153,3694,0,0,0,24,120,36,0,0
3.999949,3694,0,0,0,24,120,36,0,0
4.002930,3694,0,0,0,24,120,37,0,0
4.005969,3694,0,0,0,24,120,37,0,0
4.008956,3694,0,0,0,24,120,36,0,0
4.011948,3694,0,0,0,24,120,37,0,0
4.014957,3694,0,0,0,24,119,36,0,0
4.017931,3694,0,0,0,24,119,37,0,0
4.021094,3694,0,0,0,24,120,36,0,0
4.024982,3694,0,0,0,24,119,37,0,0
4.027980,3694,0,0,0,24,120,36,0,0
4.030934,3694,0,0,0,24,120,36,0,0
4.033952,3694,0,0,0,24,119,36,0,0
4.036985,3694,0,0,0,24,119,36,0,0
4.039936,3694,0,0,0,24,120,37,0,0
4.042959,3694,0,0,0,24,119,36,0,0
4.045936,3694,0,0,0,24,120,37,0,0
4.048929,3694,0,0,0,24,119,37,0,0
4.052065,3694,0,0,0,24,120,36,0,0
4.056033,3694,0,0,0,24,119,36,0,0
4.058987,3694,0,0,0,24,119,37,0,0
4.061943,3694,0,0,0,24,120,36,0,0
4.064933,3694,0,0,0,24,119,37,0,0
4.067953,3694,0,0,0,24,119,37,0,0
4.070962,3694,0,0,0,24,120,36,0,0
4.073959,3694,0,0,0,24,120,37,0,0
4.076958,3694,0,0,0,24,120,36,0,0
4.079951,3694,0,0,0,24,120,37,0,0
4.083008,3694,0,0,0,24,120,36,0,0
4.086058,3694,0,0,0,24,120,36,0,0
4.089979,3694,0,0,0,24,119,37,0,0
4.092980,3694,0,0,0,24,120,37,0,0
4.095963,3694,0,0,0,24,119,36,0,0
4.098948,3694,0,0,0,24,120,36,0,0
4.101934,3694,0,0,0,24,119,37,0,0
4.104958,3694,0,0,0,24,120,36,0,0
4.107957,3694,0,0,0,24,120,37,0,0
4.110959,3694,0,0,0,24,120,37,0,0
4.114064,3694,0,0,0,24,119,37,0,0
4.118092,3694,0,0,0,24,120,36,0,0
4.121988,3694,0,0,0,24,119,36,0,0
4.124939,3694,0,0,0,24,120,36,0,0
4.127981,3694,0,0,0,24,119,37,0,0
4.130953,3694,0,0,0,24,119,36,0,0
4.133951,3694,0,0,0,24,120,37,0,0
4.136959,3694,0,0,0,24,120,36,0,0
4.139939,3694,0,0,0,24,119,37,0,0
4.142962,3694,0,0,0,24,119,37,0,0
4.145986,3694,0,0,0,24,119,37,0,0
4.149097,3694,0,0,0,24,120,37,0,0
4.152946,3694,0,0,0,24,120,37,0,0
4.155991,3694,0,0,0,24,120,37,0,0
4.158963,3694,0,0,0,24,120,37,0,0
4.161969,3694,0,0,0,24,120,36,0,0
4.164951,3694,0,0,0,24,120,37,0,0
4.167939,3694,0,0,0,24,120,37,0,0
4.170966,3694,0,0,0,24,120,37,0,0
4.173969,3694,0,0,0,24,120,36,0,0
4.176964,3694,0,0,0,24,120,37,0,0
4.180114,3694,0,0,0,24,120,37,0,0
4.183946,3694,0,0,0,24,120,36,0,0
4.186981,3694,0,0,0,24,120,36,0,0
4.189942,3694,0,0,0,24,119,37,0,0
4.192985,3694,0,0,0,24,120,36,0,0
4.195964,3694,0,0,0,24,120,36,0,0
4.198944,3694,0,0,0,24,120,37,0,0
4.201940,3694,0,0,0,24,119,36,0,0
4.204967,3694,0,0,0,24,119,36,0,0
4.207964,3694,0,0,0,24,120,36,0,0
4.211121,3694,0,0,0,24,119,36,0,0
4.214987,3694,0,0,0,24,119,37,0,0
4.217946,3694,0,0,0,24,119,36,0,0
4.220983,3694,0,0,0,24,119,37,0,0
4.223999,3694,0,0,0,24,120,36,0,0
4.226961,3694,0,0,0,24,120,36,0,0
4.229943,3694,0,0,0,24,120,37,0,0
4.232940,3694,0,0,0,24,119,36,0,0
4.235971,3694,0,0,0,24,120,37,0,0
4.238973,3694,0,0,0,24,119,37,0,0
4.242108,3694,0,0,0,24,120,37,0,0
4.246038,3694,0,0,0,24,119,36,0,0
4.248947,3694,0,0,0,24,119,36,0,0
4.251940,3694,0,0,0,24,119,37,0,0
4.254987,3694,0,0,0,24,120,36,0,0
4.257986,3694,0,0,0,24,119,37,0,0
4.260962,3694,0,0,0,24,120,37,0,0
4.263948,3694,0,0,0,24,120,37,0,0
4.266942,3694,0,0,0,24,119,36,0,0
4.269946,3694,0,0,0,24,120,36,0,0
4.273114,3694,0,0,0,24,120,36,0,0
4.277031,3694,0,0,0,24,120,37,0,0
4.279950,3694,0,0,0,24,119,36,0,0
4.282960,3694,0,0,0,24,120,36,0,0
4.286028,3694,0,0,0,24,120,36,0,0
4.288987,3694,0,0,0,24,119,36,0,0
4.291967,3694,0,0,0,24,120,37,0,0
4.294972,3694,0,0,0,24,120,36,0,0
4.297984,3694,0,0,0,24,120,36,0,0
4.300949,3694,0,0,0,24,120,36,0,0
4.304015,3694,0,0,0,24,120,37,0,0
4.307106,3694,0,0,0,24,120,37,0,0
4.311027,3694,0,0,0,24,120,37,0,0
4.313952,3694,0,0,0,24,120,37,0,0
4.316964,3694,0,0,0,24,120,37,0,0
4.319981,3694,0,0,0,24,120,36,0,0
4.322951,3694,0,0,0,24,120,37,0,0
4.325975,3694,0,0,0,24,120,37,0,0
4.328950,3694,0,0,0,24,120,37,0,0
4.331944,3694,0,0,0,24,120,36,0,0
4.334983,3694,0,0,0,24,119,36,0,0
4.338113,3694,0,0,0,24,120,37,0,0
4.341964,3694,0,0,0,24,120,37,0,0
4.345017,3694,0,0,0,24,120,37,0,0
4.347951,3694,0,0,0,24,119,37,0,0
4.350964,3694,0,0,0,24,120,37,0,0
4.353975,3694,0,0,0,24,120,36,0,0
4.356977,3694,0,0,0,24,119,37,0,0
4.359969,3694,0,0,0,24,119,36,0,0
4.362958,3694,0,0,0,24,119,36,0,0
4.365950,3694,0,0,0,24,119,36,0,0
4.368947,3694,0,0,0,24,119,37,0,0
4.371970,3694,0,0,0,24,119,37,0,0
4.374957,3694,0,0,0,24,120,37,0,0
4.378135,3694,0,0,0,24,120,37,0,0
4.381219,3694,0,0,0,24,120,36,0,0
4.385239,3694,0,0,0,24,119,37,0,0
4.388980,3694,0,0,0,24,120,37,0,0
4.392054,3694,0,0,0,24,119,36,0,0
4.394983,3694,0,0,0,24,119,37,0,0
4.397972,3694,0,0,0,24,120,37,0,0
4.400954,3694,0,0,0,24,120,36,0,0
4.403971,3694,0,0,0,24,119,37,0,0
4.406954,3694,0,0,0,24,120,37,0,0
4.410106,3694,0,0,0,24,119,36,0,0
4.414073,3694,0,0,0,24,120,36,0,0
4.417975,3694,0,0,0,24,120,36,0,0
4.420986,3694,0,0,0,24,120,36,0,0
4.423954,3694,0,0,0,24,119,36,0,0
4.426968,3694,0,0,0,24,120,37,0,0
4.429978,3694,0,0,0,24,120,37,0,0
4.432958,3694,0,0,0,24,120,36,0,0
4.435967,3694,0,0,0,24,120,37,0,0
4.438972,3694,0,0,0,24,120,37,0,0
4.442110,3694,0,0,0,24,120,36,0,0
4.446059,3694,0,0,0,24,119,36,0,0
4.448962,3694,0,0,0,24,120,37,0,0
4.451954,3694,0,0,0,24,119,36,0,0
4.454980,3694,0,0,0,24,119,37,0,0
4.458061,3694,0,0,0,24,119,37,0,0
4.461965,3694,0,0,0,24,120,37,0,0
4.464962,3694,0,0,0,24,120,36,0,0
4.467953,3694,0,0,0,24,119,36,0,0
4.470988,3694,0,0,0,24,120,36,0,0
4.476248,3694,0,0,0,24,120,36,0,0
4.480087,3694,0,0,0,24,119,37,0,0
4.483204,3694,0,0,0,24,120,37,0,0
4.487009,3694,0,0,0,24,120,36,0,0
4.490000,3694,0,0,0,24,120,37,0,0
4.493019,3694,0,0,0,24,119,36,0,0
4.496013,3694,0,0,0,24,120,36,0,0
4.498986,3694,0,0,0,24,120,37,0,0
4.501983,3694,0,0,0,24,120,36,0,0
4.504994,3694,0,0,0,24,120,37,0,0
4.508090,3694,0,0,0,24,119,36,0,0
4.512111,3694,0,0,0,24,120,36,0,0
4.516025,3694,0,0,0,24,120,37,0,0
4.518996,3694,0,0,0,24,120,37,0,0
4.522010,3694,0,0,0,24,120,37,0,0
4.525088,3694,0,0,0,24,120,37,0,0
4.529009,3694,0,0,0,24,119,36,0,0
4.532002,3694,0,0,0,24,119,37,0,0
4.534972,3694,0,0,0,24,119,36,0,0
4.538003,3694,0,0,0,24,119,37,0,0
4.540979,3694,0,0,0,24,119,37,0,0
4.544136,3694,0,0,0,24,119,36,0,0
4.547993,3694,0,0,0,24,119,36,0,0
4.550963,3694,0,0,0,24,119,36,0,0
4.554002,3694,0,0,0,24,120,37,0,0
4.557011,3694,0,0,0,24,120,37,0,0
4.559985,3694,0,0,0,24,120,37,0,0
4.562983,3694,0,0,0,24,120,36,0,0
4.565978,3694,0,0,0,24,119,37,0,0
4.568957,3694,0,0,0,24,120,37,0,0
4.571986,3694,0,0,0,24,120,37,0,0
4.574961,3694,0,0,0,24,119,37,0,0
4.577957,3694,0,0,0,24,119,37,0,0
4.580955,3694,0,0,0,24,120,36,0,0
4.584184,3694,0,0,0,24,119,36,0,0
4.588075,3694,0,0,0,24,120,37,0,0
4.592128,3694,0,0,0,24,120,36,0,0
4.596004,3694,0,0,0,24,120,37,0,0
4.598984,3694,0,0,0,24,120,36,0,0
4.601960,3694,0,0,0,24,119,36,0,0
4.604970,3694,0,0,0,24,120,37,0,0
4.607957,3694,0,0,0,24,120,37,0,0
4.610976,3694,0,0,0,24,120,37,0,0
4.613973,3694,0,0,0,24,119,37,0,0
4.617124,3694,0,0,0,24,120,37,0,0
4.621022,3694,0,0,0,24,119,37,0,0
4.623965,3694,0,0,0,24,120,36,0,0
4.627016,3694,0,0,0,24,120,36,0,0
4.630039,3694,0,0,0,24,119,37,0,0
4.632959,3694,0,0,0,24,120,37,0,0
4.635968,3694,0,0,0,24,119,36,0,0
4.638993,3694,0,0,0,24,120,37,0,0
4.641983,3694,0,0,0,24,119,36,0,0
4.644975,3694,0,0,0,24,120,37,0,0
4.648125,3694,0,0,0,24,120,36,0,0
4.651972,3694,0,0,0,24,120,36,0,0
4.654983,3694,0,0,0,24,120,37,0,0
4.657970,3694,0,0,0,24,119,36,0,0
4.661021,3694,0,0,0,24,119,37,0,0
4.663998,3694,0,0,0,24,120,36,0,0
4.666992,3694,0,0,0,24,120,36,0,0
4.669985,3694,0,0,0,24,120,37,0,0
4.672986,3694,0,0,0,24,120,37,0,0
4.675995,3694,0,0,0,24,120,36,0,0
4.679099,3694,0,0,0,24,119,36,0,0
4.683081,3694,0,0,0,24,119,37,0,0
4.686981,3694,0,0,0,24,120,36,0,0
4.689980,3694,0,0,0,24,119,37,0,0
4.693021,3694,0,0,0,24,119,36,0,0
4.695990,3694,0,0,0,24,119,37,0,0
4.698985,3694,0,0,0,24,120,37,0,0
4.701971,3694,0,0,0,24,120,36,0,0
4.704980,3694,0,0,0,24,120,36,0,0
4.707985,3694,0,0,0,24,120,37,0,0
4.711153,3694,0,0,0,24,119,36,0,0
4.715025,3694,0,0,0,24,120,37,0,0
4.717973,3694,0,0,0,24,120,36,0,0
4.720998,3694,0,0,0,24,119,36,0,0
4.723971,3694,0,0,0,24,120,36,0,0
4.727005,3694,0,0,0,24,119,36,0,0
4.729988,3694,0,0,0,24,120,36,0,0
4.732969,3694,0,0,0,24,120,37,0,0
4.735967,3694,0,0,0,24,120,37,0,0
4.738991,3694,0,0,0,24,120,37,0,0
4.742090,3694,0,0,0,24,119,36,0,0
4.746113,3694,0,0,0,24,120,36,0,0
4.749976,3694,0,0,0,24,119,37,0,0
4.752974,3694,0,0,0,24,119,36,0,0
4.755984,3694,0,0,0,24,120,37,0,0
4.758994,3694,0,0,0,24,119,36,0,0
4.761992,3694,0,0,0,24,120,37,0,0
4.764999,3694,0,0,0,24,120,36,0,0
4.767974,3694,0,0,0,24,119,36,0,0
4.770982,3694,0,0,0,24,120,37,0,0
4.773972,3694,0,0,0,24,120,36,0,0
4.776985,3694,0,0,0,24,120,37,0,0
4.779984,3694,0,0,0,24,119,37,0,0
4.783129,3694,0,0,0,24,119,36,0,0
4.787046,3694,0,0,0,24,120,36,0,0
4.789985,3694,0,0,0,24,120,36,0,0
4.793038,3694,0,0,0,24,120,36,0,0
4.795983,3694,0,0,0,24,119,37,0,0
4.798982,3694,0,0,0,24,119,36,0,0
4.801984,3694,0,0,0,24,120,36,0,0
4.804984,3694,0,0,0,24,119,37,0,0
4.807972,3694,0,0,0,24,120,37,0,0
4.810988,3694,0,0,0,24,120,37,0,0
4.814104,3694,0,0,0,24,120,37,0,0
4.818072,3694,0,0,0,24,119,37,0,0
4.821007,3694,0,0,0,24,120,36,0,0
4.823977,3694,0,0,0,24,119,37,0,0
4.827028,3694,0,0,0,24,120,36,0,0
4.829994,3694,0,0,0,24,119,36,0,0
4.832974,3694,0,0,0,24,120,37,0,0
4.835972,3694,0,0,0,24,120,37,0,0
4.838984,3694,0,0,0,24,120,36,0,0
4.841999,3694,0,0,0,24,120,36,0,0
4.845127,3694,0,0,0,24,119,36,0,0
4.849073,3694,0,0,0,24,120,36,0,0
4.851982,3694,0,0,0,24,119,37,0,0
4.855014,3694,0,0,0,24,120,36,0,0
4.857994,3694,0,0,0,24,120,36,0,0
4.861020,3694,0,0,0,24,120,37,0,0
4.864019,3694,0,0,0,24,119,37,0,0
4.866984,3694,0,0,0,24,119,37,0,0
4.869999,3694,0,0,0,24,120,37,0,0
4.872999,3694,0,0,0,24,120,37,0,0
4.876001,3694,0,0,0,24,120,37,0,0
4.879159,3694,0,0,0,24,120,36,0,0
4.883031,3694,0,0,0,24,119,37,0,0
4.885982,3694,0,0,0,24,119,37,0,0
4.889174,3694,0,0,0,24,120,36,0,0
4.893092,3694,0,0,0,24,119,36,0,0
4.897006,3694,0,0,0,24,120,37,0,0
4.899981,3694,0,0,0,24,120,37,0,0
4.902977,3694,0,0,0,24,119,37,0,0
4.905986,3694,0,0,0,24,120,36,0,0
4.909006,3694,0,0,0,24,120,37,0,0
4.911983,3694,0,0,0,24,120,37,0,0
4.914994,3694,0,0,0,24,120,36,0,0
4.917979,3694,0,0,0,24,120,36,0,0
4.921203,3694,0,0,0,24,119,37,0,0
4.924197,3694,0,0,0,24,120,37,0,0
4.928032,3694,0,0,0,24,120,37,0,0
4.931070,3694,0,0,0,24,120,37,0,0
4.933997,3694,0,0,0,24,120,36,0,0
4.937013,3694,0,0,0,24,119,37,0,0
4.940045,3694,0,0,0,24,119,37,0,0
4.943035,3694,0,0,0,24,119,36,0,0
4.946015,3694,0,0,0,24,119,37,0,0
4.949037,3694,0,0,0,24,120,37,0,0
4.952000,3694,0,0,0,24,120,37,0,0
4.955315,3694,0,0,0,24,120,37,0,0
4.959385,3694,0,0,0,24,119,37,0,0
4.963006,3694,0,0,0,24,120,36,0,0
4.966019,3694,0,0,0,24,120,37,0,0
4.969017,3694,0,0,0,24,119,36,0,0
4.971988,3694,0,0,0,24,120,36,0,0
4.975078,3694,0,0,0,24,119,36,0,0
4.978011,3694,0,0,0,24,120,36,0,0
4.980986,3694,0,0,0,24,119,36,0,0
4.983984,3694,0,0,0,24,119,36,0,0
4.987166,3694,0,0,0,24,119,37,0,0
4.990254,3694,0,0,0,24,120,36,0,0
4.994097,3694,0,0,0,24,120,37,0,0
4.997035,3694,0,0,0,24,119,36,0,0
4.999990,3694,0,0,0,24,119,37,0,0
