t_s,pos,speed,load,voltage,temp,status,moving
0.000001,3796,0,0,120,33,0,1
0.003818,3796,0,0,120,33,0,1
0.007852,3796,0,0,119,33,0,1
0.011813,3796,0,0,119,33,0,1
0.015722,3796,0,0,119,33,0,1
0.018713,3796,0,1048,120,33,0,1
0.021723,3796,0,1048,120,33,0,1
0.024691,3796,0,1048,120,33,0,1
0.027713,3796,0,1048,120,33,0,1
0.030693,3796,0,1056,119,33,0,1
0.033691,3796,0,1056,119,33,0,1
0.036699,3796,0,1064,120,33,0,1
0.039693,3796,0,1072,120,33,0,1
0.042769,3796,0,1072,120,33,0,1
0.045816,3796,0,1072,119,33,0,1
0.048962,3796,0,1080,120,33,0,1
0.052733,3796,0,1080,120,33,0,1
0.055757,3796,0,1080,120,33,0,1
0.058717,3796,0,1088,120,33,0,1
0.061716,3796,0,1088,120,33,0,1
0.064692,3797,0,1080,120,33,0,1
0.067697,3797,0,1080,119,33,0,1
0.070714,3797,50,1088,120,33,0,1
0.073695,3797,50,1088,120,33,0,1
0.076736,3797,50,1084,120,33,0,1
0.079841,3798,50,1084,120,33,0,1
0.083784,3798,50,1084,120,33,0,1
0.086748,3799,50,1076,120,33,0,1
0.089729,3799,100,1084,120,33,0,1
0.092704,3799,100,1084,120,35,0,1
0.095732,3800,100,1068,119,33,0,1
0.098695,3800,100,1076,120,33,0,1
0.101713,3801,100,1068,119,33,0,1
0.104698,3801,100,1068,119,33,0,1
0.107717,3801,100,1068,119,33,0,1
0.110718,3802,150,1068,120,33,0,1
0.113825,3802,150,1072,119,33,0,1
0.116992,3803,150,1064,120,33,0,1
0.120710,3803,150,1072,120,33,0,1
0.123750,3803,150,1072,120,33,0,1
0.126741,3804,150,1064,120,33,0,1
0.129732,3804,100,1072,119,33,0,1
0.132698,3804,100,1072,120,33,0,1
0.135705,3804,100,1072,119,33,0,1
0.138703,3805,100,1072,120,33,0,1
0.141718,3805,100,1072,120,33,0,1
0.144710,3805,100,1072,119,33,0,1
0.147743,3805,50,1080,119,33,0,1
0.150841,3806,50,1072,120,33,0,1
0.153966,3806,50,1072,120,33,0,1
0.157744,3807,50,1072,120,33,0,1
0.160785,3807,50,1072,120,33,0,1
0.163713,3807,50,1072,120,33,0,1
0.166703,3808,50,1064,120,33,0,1
0.169808,3808,150,1072,120,33,0,1
0.172705,3808,150,1072,120,33,0,1
0.175723,3809,150,1064,120,33,0,1
0.178715,3809,150,1072,119,33,0,1
0.181711,3809,150,1072,120,33,0,1
0.184828,3810,150,1064,120,33,0,1
0.188775,3810,100,1072,120,33,0,1
0.191709,3810,100,1072,120,33,0,1
0.194816,3810,100,1072,120,33,0,1
0.197783,3811,100,1072,120,33,0,1
0.200792,3811,100,1072,120,33,0,1
0.203721,3811,100,1072,120,33,0,1
0.206704,3812,100,1064,120,33,0,1
0.209726,3812,100,1072,120,33,0,1
0.212741,3812,100,1072,120,33,0,1
0.215789,3813,100,1060,120,33,0,1
0.218709,3813,100,1068,120,33,0,1
0.221700,3813,100,1068,120,33,0,1
0.224700,3813,100,1068,119,33,0,1
0.227702,3814,100,1068,120,33,0,1
0.230817,3814,100,1068,120,33,0,1
0.234813,3814,100,1076,120,33,0,1
0.237708,3814,100,1084,120,33,0,1
0.240736,3815,100,1076,120,33,0,1
0.243739,3815,100,1076,119,33,0,1
0.246711,3816,100,1068,120,33,0,1
0.249722,3816,100,1076,120,33,0,1
0.252704,3816,100,1076,120,33,0,1
0.255731,3817,100,1064,120,33,0,1
0.258708,3817,100,1072,119,33,0,1
0.261719,3817,100,1072,120,33,0,1
0.264813,3818,100,1064,120,33,0,1
0.267817,3818,100,1072,120,33,0,1
0.270727,3819,100,1064,120,33,0,1
0.273716,3819,100,1060,119,33,0,1
0.276746,3819,100,1060,120,33,0,1
0.279739,3820,100,1060,120,33,0,1
0.282731,3820,100,1060,120,33,0,1
0.285704,3820,100,1060,120,33,0,1
0.288704,3820,100,1068,120,33,0,1
0.291719,3820,100,1068,120,33,0,1
0.294705,3820,100,1076,120,33,0,1
0.297700,3821,100,1076,120,33,0,1
0.300815,3821,100,1076,120,33,0,1
0.303800,3821,100,1076,120,33,0,1
0.306713,3822,100,1068,119,33,0,1
0.309827,3822,100,1076,120,33,0,1
0.312733,3822,100,1076,120,33,0,1
0.315720,3823,100,1064,119,33,0,1
0.318714,3823,100,1072,120,33,0,1
0.321703,3823,100,1072,119,33,0,1
0.324710,3824,100,1064,120,33,0,1
0.327708,3824,100,1072,120,33,0,1
0.330704,3824,100,1072,120,33,0,1
0.333719,3825,100,1060,119,33,0,1
0.336856,3825,100,1068,120,33,0,1
0.340772,3826,100,1060,120,33,0,1
0.343801,3826,100,1060,119,33,0,1
0.346724,3826,100,1060,120,33,0,1
0.349721,3826,100,1068,120,33,0,1
0.352706,3826,100,1068,119,33,0,1
0.355709,3827,100,1068,119,33,0,1
0.358731,3827,100,1076,119,34,0,1
0.361721,3827,100,1076,120,33,0,1
0.364718,3827,100,1076,120,33,0,1
0.367712,3827,50,1084,120,33,0,1
0.370764,3828,50,1076,120,33,0,1
0.373841,3828,50,1072,120,33,0,1
0.377791,3828,50,1080,120,33,0,1
0.380727,3829,50,1072,120,33,0,1
0.383755,3829,50,1072,120,33,0,1
0.386716,3830,50,1064,120,33,0,1
0.389707,3830,150,1072,119,33,0,1
0.392709,3830,150,1072,119,33,0,1
0.395771,3831,150,1064,120,33,0,1
0.398776,3831,150,1072,120,33,0,1
0.401763,3831,150,1072,119,33,0,1
0.404748,3832,150,1064,120,33,0,1
0.407803,3832,100,1072,120,33,0,1
0.410817,3832,100,1072,120,33,0,1
0.413715,3833,100,1060,120,33,0,1
0.416731,3833,100,1060,120,33,0,1
0.419726,3833,100,1068,120,33,0,1
0.422716,3833,100,1068,120,33,0,1
0.425721,3833,100,1068,120,33,0,1
0.428712,3834,100,1068,120,33,0,1
0.431712,3834,100,1068,120,33,0,1
0.434715,3834,100,1076,120,33,0,1
0.437732,3834,100,1084,120,33,0,1
0.440715,3835,100,1076,119,33,0,1
0.443842,3835,100,1076,120,33,0,1
0.447811,3836,100,1076,120,33,0,1
0.450721,3836,100,1076,120,33,0,1
0.453761,3836,100,1072,120,33,0,1
0.456736,3837,100,1064,120,33,0,1
0.459719,3837,100,1072,120,33,0,1
0.462726,3837,100,1072,120,33,0,1
0.465712,3838,100,1064,120,33,0,1
0.468720,3838,100,1072,120,33,0,1
0.471743,3838,100,1072,120,33,0,1
0.474722,3839,100,1060,120,33,0,1
0.477808,3839,100,1068,120,33,0,1
0.481849,3839,100,1068,119,33,0,1
0.485778,3840,100,1060,120,33,0,1
0.488779,3840,100,1068,120,33,0,1
0.491746,3840,100,1068,119,33,0,1
0.494776,3840,100,1076,120,33,0,1
0.497715,3841,100,1076,120,33,0,1
0.500714,3841,100,1076,120,33,0,1
0.503718,3841,100,1076,119,33,0,1
0.506751,3841,50,1084,120,33,0,1
0.509717,3842,50,1076,120,33,0,1
0.512726,3842,50,1072,120,33,0,1
0.515872,3842,50,1080,120,33,0,1
0.519825,3843,50,1072,120,33,0,1
0.522761,3843,50,1072,120,33,0,1
0.525736,3843,50,1072,120,33,0,1
0.528780,3844,150,1072,120,33,0,1
0.531718,3844,150,1072,120,33,0,1
0.534740,3844,150,1072,120,33,0,1
0.537732,3845,150,1072,120,33,0,1
0.540721,3845,150,1072,119,33,0,1
0.543728,3845,150,1072,120,33,0,1
0.546716,3845,50,1080,120,33,0,1
0.549865,3846,50,1072,120,33,0,1
0.553851,3846,50,1072,119,33,0,1
0.557015,3846,50,1080,120,33,0,1
0.560774,3847,50,1072,120,33,0,1
0.563747,3847,50,1072,120,33,0,1
0.566724,3848,150,1072,120,33,0,1
0.569714,3848,150,1072,119,33,0,1
0.572748,3848,150,1072,120,33,0,1
0.575726,3848,150,1072,120,33,0,1
0.578719,3849,150,1072,120,33,0,1
0.581718,3849,150,1072,120,33,0,1
0.584845,3849,150,1072,120,33,0,1
0.588032,3850,50,1072,120,33,0,1
0.591736,3850,50,1072,120,33,0,1
0.594858,3850,50,1072,120,33,0,1
0.598832,3850,50,1080,120,33,0,1
0.601963,3851,50,1072,120,33,0,1
0.605730,3851,50,1072,120,33,0,1
0.608748,3851,100,1080,120,33,0,1
0.611743,3852,100,1072,120,33,0,1
0.614726,3852,100,1072,120,33,0,1
0.617735,3853,100,1072,120,33,0,1
0.620794,3853,100,1072,119,33,0,1
0.623866,3853,100,1072,120,33,0,1
0.627776,3854,150,1072,120,33,0,1
0.630733,3854,150,1072,120,33,0,1
0.633739,3854,150,1072,120,33,0,1
0.636731,3854,150,1080,120,33,0,1
0.639717,3855,150,1072,120,33,0,1
0.642722,3855,150,1072,120,33,0,1
0.645722,3856,150,1064,120,33,0,1
0.648721,3856,100,1072,119,33,0,1
0.651733,3856,100,1072,120,33,0,1
0.654741,3856,100,1072,120,33,0,1
0.657853,3857,100,1072,120,33,0,1
0.661849,3857,100,1072,120,33,0,1
0.665741,3858,100,1064,120,33,0,1
0.668743,3858,100,1072,120,33,0,1
0.671729,3858,100,1072,120,33,0,1
0.674724,3859,100,1064,119,33,0,1
0.677722,3859,100,1072,120,33,0,1
0.680724,3859,100,1072,120,33,0,1
0.683751,3860,100,1064,120,33,0,1
0.686729,3860,100,1072,120,33,0,1
0.689720,3860,100,1072,120,33,0,1
0.692851,3860,100,1072,120,33,0,1
0.695839,3861,100,1064,120,33,0,1
0.698743,3861,100,1072,120,33,0,1
0.701767,3861,100,1072,120,33,0,1
0.704751,3862,100,1064,120,33,0,1
0.707739,3862,100,1072,120,33,0,1
0.710726,3862,100,1072,119,33,0,1
0.713724,3863,100,1060,120,33,0,1
0.716740,3863,100,1068,120,33,0,1
0.719728,3863,100,1068,119,33,0,1
0.722746,3864,100,1060,120,33,0,1
0.725722,3864,100,1060,119,33,0,1
0.728871,3864,100,1068,120,33,0,1
0.732816,3864,100,1076,120,33,0,1
0.735733,3864,100,1076,120,33,0,1
0.738734,3865,100,1076,120,33,0,1
0.741732,3865,100,1076,119,33,0,1
0.744723,3866,100,1068,119,33,0,1
0.747726,3866,100,1076,120,33,0,1
0.750803,3866,100,1076,120,33,0,1
0.753740,3866,100,1072,120,33,0,1
0.756763,3867,100,1072,120,33,0,1
0.761578,3868,100,1064,120,33,0,1
0.764879,3868,100,1064,120,33,0,1
0.770418,3868,100,1072,120,33,0,1
0.773770,3869,100,1060,120,33,0,1
0.776839,3869,100,1068,119,33,0,1
0.779773,3870,100,1060,120,33,0,1
0.782730,3870,100,1060,120,33,0,1
0.785724,3870,100,1060,120,33,0,1
0.788725,3870,100,1068,120,33,0,1
0.791730,3870,100,1068,120,33,0,1
0.794823,3871,100,1068,120,33,0,1
0.797862,3871,100,1076,119,33,0,1
0.801876,3871,100,1076,120,33,0,1
0.805881,3872,100,1076,120,33,0,1
0.809856,3872,100,1076,120,33,0,1
0.813764,3873,100,1064,120,33,0,1
0.816754,3873,100,1072,120,33,0,1
0.819727,3873,100,1072,120,33,0,1
0.822726,3874,100,1064,120,33,0,1
0.825734,3874,100,1072,120,33,0,1
0.828745,3874,100,1072,120,33,0,1
0.831734,3875,100,1060,120,33,0,1
0.834743,3875,100,1060,120,33,0,1
0.837825,3875,100,1068,120,33,0,1
0.840860,3876,100,1060,120,33,0,1
0.844781,3876,100,1060,120,33,0,1
0.847753,3876,100,1068,119,33,0,1
0.850749,3876,100,1068,120,33,0,1
0.853771,3876,100,1076,120,33,0,1
0.856737,3877,100,1076,120,33,0,1
0.859729,3877,100,1076,120,33,0,1
0.862736,3877,100,1076,120,33,0,1
0.865736,3878,100,1076,119,33,0,1
0.868741,3878,100,1076,119,33,0,1
0.871736,3878,100,1072,120,33,0,1
0.874872,3879,100,1072,120,33,0,1
0.878078,3879,100,1072,120,33,0,1
0.881737,3880,100,1064,120,33,0,1
0.884756,3880,100,1064,120,33,0,1
0.887751,3881,100,1064,120,33,0,1
0.890744,3881,100,1064,120,33,0,1
0.893746,3881,100,1060,120,33,0,1
0.896746,3882,100,1060,119,33,0,1
0.899741,3882,100,1060,119,33,0,1
0.902735,3882,100,1060,119,33,0,1
0.905734,3882,100,1068,119,33,0,1
0.908813,3883,100,1060,120,33,0,1
0.911881,3883,100,1064,120,33,0,1
0.914952,3883,100,1072,120,33,0,1
0.918763,3883,100,1072,120,33,0,1
0.921736,3883,100,1072,119,33,0,1
0.924737,3884,100,1064,120,33,0,1
0.927735,3884,100,1072,120,33,0,1
0.930742,3884,100,1072,119,33,0,1
0.933763,3885,100,1068,120,33,0,1
0.936748,3885,100,1076,119,33,0,1
0.939747,3885,100,1076,120,33,0,1
0.942738,3886,100,1068,120,33,0,1
0.945887,3886,100,1076,120,33,0,1
0.949855,3887,100,1068,120,33,0,1
0.952740,3887,100,1060,120,33,0,1
0.955774,3887,100,1068,120,33,0,1
0.958747,3888,100,1060,120,33,0,1
0.961758,3888,100,1060,120,33,0,1
0.964742,3888,100,1060,120,33,0,1
0.967740,3888,100,1068,120,33,0,1
0.970738,3889,100,1060,119,33,0,1
0.973755,3889,100,1064,120,33,0,1
0.976743,3889,100,1072,119,33,0,1
0.979817,3890,100,1064,120,33,0,1
0.982868,3890,100,1064,120,33,0,1
0.986743,3890,100,1072,120,33,0,1
0.989757,3890,100,1072,120,33,0,1
0.992751,3891,100,1064,120,33,0,1
0.995862,3891,100,1072,120,33,0,1
0.999839,3891,100,1072,120,33,0,1
1.002805,3892,100,1064,120,33,0,1
1.005803,3892,100,1072,120,33,0,1
1.008741,3892,100,1072,120,33,0,1
1.011740,3892,100,1076,120,33,0,1
1.014752,3893,100,1068,120,33,0,1
1.017879,3893,100,1076,120,33,0,1
1.021864,3894,100,1068,119,33,0,1
1.025761,3894,100,1076,120,33,0,1
1.028767,3894,100,1076,120,33,0,1
1.031747,3895,100,1060,120,33,0,1
1.034756,3895,100,1060,120,33,0,1
1.037742,3895,100,1068,119,33,0,1
1.040743,3896,100,1060,119,33,0,1
1.043743,3896,100,1060,120,33,0,1
1.046741,3896,100,1068,120,33,0,1
1.049743,3896,100,1068,120,33,0,1
1.052870,3897,100,1064,120,33,0,1
1.056861,3897,100,1072,120,33,0,1
1.059828,3897,100,1072,120,33,0,1
1.062781,3897,100,1072,120,33,0,1
1.065757,3898,100,1064,119,33,0,1
1.068747,3898,100,1072,120,33,0,1
1.071743,3898,100,1076,120,33,0,1
1.074758,3899,100,1068,120,33,0,1
1.077746,3899,100,1068,120,33,0,1
1.080741,3899,100,1068,120,33,0,1
1.083747,3900,100,1068,120,33,0,1
1.086845,3900,100,1068,120,33,0,1
1.089880,3900,100,1068,119,33,0,1
1.093787,3901,100,1048,120,33,0,1
1.096780,3901,100,1048,120,33,0,1
1.099772,3901,100,1056,120,33,0,1
1.102743,3901,100,1056,120,33,0,1
1.105740,3902,100,1048,120,33,0,1
1.108758,3902,100,1048,120,33,0,1
1.111748,3902,100,1056,120,33,0,1
1.114756,3902,100,1056,120,33,0,1
1.117749,3902,100,1056,120,33,0,1
1.120749,3903,100,1056,120,33,0,1
1.123895,3903,100,1056,120,33,0,1
1.127863,3903,50,1056,120,33,0,1
1.130752,3903,50,1056,119,33,0,1
1.133771,3904,50,1048,120,33,0,1
1.136759,3904,50,1048,119,33,0,1
1.139745,3904,50,1048,120,33,0,1
1.142744,3904,50,1048,120,33,0,1
1.145749,3904,50,1048,119,33,0,1
1.148746,3904,50,1048,120,33,0,1
1.151754,3904,50,1044,120,33,0,1
1.154760,3905,50,20,119,33,0,1
1.157837,3905,50,20,119,33,0,1
1.160881,3905,50,20,120,33,0,1
1.164761,3905,50,20,120,33,0,1
1.167765,3905,50,20,120,33,0,1
1.170777,3905,50,20,120,33,0,1
1.173775,3905,50,20,119,33,0,1
1.176753,3905,50,20,119,33,0,1
1.179746,3905,50,20,119,33,0,1
1.182756,3905,50,20,120,33,0,1
1.185747,3905,0,20,120,33,0,0
1.188751,3905,0,20,120,33,0,0
1.191747,3905,0,0,120,33,0,0
1.194909,3905,0,0,120,33,0,0
1.198949,3905,0,0,119,33,0,0
1.202911,3905,0,0,120,33,0,0
1.205975,3905,0,0,120,33,0,0
1.209773,3905,0,0,120,33,0,0
1.212775,3905,0,0,120,33,0,0
1.215775,3905,0,0,120,33,0,0
1.218762,3905,0,0,120,33,0,0
1.221751,3905,0,0,120,33,0,0
1.224749,3905,0,0,119,33,0,0
1.227757,3905,0,0,120,33,0,0
1.230860,3905,0,0,120,33,0,0
1.233877,3905,0,0,120,33,0,0
1.237757,3905,0,0,120,33,0,0
1.240785,3905,0,0,120,33,0,0
1.243800,3905,0,0,120,33,0,0
1.246782,3905,0,0,120,33,0,0
1.249757,3905,0,0,120,33,0,0
1.252750,3905,0,0,120,33,0,0
1.255786,3905,0,0,119,33,0,0
1.258752,3905,0,0,120,33,0,0
1.261769,3905,0,0,119,33,0,0
1.264763,3905,0,0,119,33,0,0
1.267905,3905,0,0,120,33,0,0
1.271860,3905,0,0,120,33,0,0
1.274783,3905,0,0,119,33,0,0
1.277787,3905,0,0,120,33,0,0
1.280788,3905,0,0,120,33,0,0
1.283769,3905,0,0,120,33,0,0
1.286763,3905,0,0,120,33,0,0
1.289756,3905,0,0,120,33,0,0
1.292769,3905,0,0,120,33,0,0
1.295762,3905,0,0,120,33,0,0
1.298754,3905,0,0,120,33,0,0
1.301890,3905,0,0,120,33,0,0
1.305860,3905,0,0,120,33,0,0
1.308807,3905,0,0,120,33,0,0
1.311834,3905,0,0,120,33,0,0
1.314774,3905,0,0,120,33,0,0
1.317760,3905,0,0,120,33,0,0
1.320754,3905,0,0,119,33,0,0
1.323789,3905,0,0,120,33,0,0
1.326785,3905,0,0,120,33,0,0
1.329766,3905,0,0,119,33,0,0
1.332763,3905,0,0,120,33,0,0
1.335760,3905,0,0,120,33,0,0
1.338902,3905,0,0,120,33,0,0
1.342891,3905,0,0,120,33,0,0
1.346868,3905,0,0,120,33,0,0
1.349854,3905,0,0,120,33,0,0
1.352813,3905,0,0,120,33,0,0
1.355791,3905,0,0,120,33,0,0
1.358794,3905,0,0,120,33,0,0
1.361763,3905,0,0,120,33,0,0
1.364813,3905,0,0,120,33,0,0
1.367791,3905,0,0,120,33,0,0
1.372436,3905,0,0,120,33,0,0
1.375796,3905,0,0,120,33,0,0
1.378773,3905,0,0,120,33,0,0
1.381827,3905,0,0,120,33,0,0
1.384791,3905,0,0,120,33,0,0
1.388139,3905,0,0,120,33,0,0
1.391892,3905,0,0,119,33,0,0
1.395905,3905,0,0,120,33,0,0
1.399921,3905,0,0,120,33,0,0
1.403925,3905,0,0,120,33,0,0
1.407801,3905,0,0,119,33,0,0
1.410803,3905,0,0,120,33,0,0
1.413768,3905,0,0,120,33,0,0
1.416801,3905,0,0,119,33,0,0
1.419767,3905,0,0,120,33,0,0
1.422776,3905,0,0,120,33,0,0
1.425761,3905,0,0,119,33,0,0
1.428904,3905,0,0,119,33,0,0
1.432870,3905,0,0,120,33,0,0
1.435767,3905,0,0,120,33,0,0
1.438766,3905,0,0,120,33,0,0
1.441781,3905,0,0,120,33,0,0
1.444768,3905,0,0,120,33,0,0
1.447759,3905,0,0,120,33,0,0
1.450783,3905,0,0,120,33,0,0
1.453787,3905,0,0,120,33,0,0
1.456765,3905,0,0,120,33,0,0
1.459762,3905,0,0,119,33,0,0
1.462846,3905,0,0,120,33,0,0
1.465834,3905,0,0,120,33,0,0
1.468830,3905,0,0,120,33,0,0
1.471767,3905,0,0,120,33,0,0
1.474775,3905,0,0,120,33,0,0
1.477788,3905,0,0,119,33,0,0
1.480763,3905,0,0,120,33,0,0
1.483780,3905,0,0,120,33,0,0
1.486770,3905,0,0,120,33,0,0
1.489771,3905,0,0,120,33,0,0
1.492776,3905,0,0,120,33,0,0
1.495772,3905,0,0,120,33,0,0
1.498847,3905,0,0,120,33,0,0
1.501860,3905,0,0,120,33,0,0
1.504766,3905,0,0,120,33,0,0
1.507796,3905,0,0,119,33,0,0
1.510789,3905,0,0,120,33,0,0
1.513777,3905,0,0,120,33,0,0
1.516786,3905,0,0,120,33,0,0
1.519767,3905,0,0,120,33,0,0
1.522769,3905,0,0,120,33,0,0
1.525779,3905,0,0,120,33,0,0
1.528774,3905,0,0,120,33,0,0
1.531766,3905,0,0,120,33,0,0
1.534886,3905,0,0,120,33,0,0
1.537839,3905,0,0,120,33,0,0
1.540771,3905,0,0,120,33,0,0
1.543775,3905,0,0,120,33,0,0
1.546800,3905,0,0,120,33,0,0
1.549792,3905,0,0,120,33,0,0
1.552768,3905,0,0,120,33,0,0
1.555766,3905,0,0,120,33,0,0
1.558789,3905,0,0,120,33,0,0
1.561768,3905,0,0,120,33,0,0
1.564768,3905,0,0,120,33,0,0
1.567783,3905,0,0,120,33,0,0
1.570875,3905,0,0,120,33,0,0
1.573850,3905,0,0,120,33,0,0
1.576774,3905,0,0,119,33,0,0
1.579791,3905,0,0,120,33,0,0
1.582791,3905,0,0,120,33,0,0
1.585768,3905,0,0,120,33,0,0
1.588766,3905,0,0,120,33,0,0
1.591784,3905,0,0,120,33,0,0
1.594804,3905,0,0,120,33,0,0
1.597882,3905,0,0,120,33,0,0
1.600900,3905,0,0,119,33,0,0
1.604031,3905,0,0,120,33,0,0
1.607884,3905,0,0,120,33,0,0
1.610862,3905,0,0,120,33,0,0
1.613774,3905,0,0,119,33,0,0
1.616793,3905,0,0,120,33,0,0
1.619777,3905,0,0,120,33,0,0
1.622768,3905,0,0,120,33,0,0
1.625784,3905,0,0,120,33,0,0
1.628774,3905,0,0,120,33,0,0
1.631778,3905,0,0,120,33,0,0
1.634785,3905,0,0,120,33,0,0
1.637771,3905,0,0,120,33,0,0
1.640819,3905,0,0,120,33,0,0
1.643915,3905,0,0,120,33,0,0
1.647796,3905,0,0,120,33,0,0
1.650800,3905,0,0,120,33,0,0
1.653810,3905,0,0,120,33,0,0
1.656775,3905,0,0,120,33,0,0
1.659791,3905,0,0,120,33,0,0
1.662772,3905,0,0,120,33,0,0
1.665792,3905,0,0,120,33,0,0
1.668778,3905,0,0,120,33,0,0
1.671783,3905,0,0,119,33,0,0
1.674788,3905,0,0,119,33,0,0
1.677859,3905,0,0,120,33,0,0
1.680904,3905,0,0,120,33,0,0
1.684812,3905,0,0,120,33,0,0
1.687776,3905,0,0,120,33,0,0
1.690781,3905,0,0,120,33,0,0
1.693786,3905,0,0,120,33,0,0
1.696780,3905,0,0,120,33,0,0
1.699789,3905,0,0,120,33,0,0
1.702776,3905,0,0,119,33,0,0
1.705773,3905,0,0,120,33,0,0
1.708793,3905,0,0,119,33,0,0
1.711820,3905,0,0,120,33,0,0
1.714918,3905,0,0,119,33,0,0
1.718813,3905,0,0,120,33,0,0
1.721784,3905,0,0,120,33,0,0
1.724816,3905,0,0,119,33,0,0
1.727795,3905,0,0,120,33,0,0
1.730783,3905,0,0,120,33,0,0
1.733793,3905,0,0,120,33,0,0
1.736780,3905,0,0,120,33,0,0
1.739776,3905,0,0,120,33,0,0
1.742792,3905,0,0,120,33,0,0
1.745778,3905,0,0,120,33,0,0
1.748776,3905,0,0,120,33,0,0
1.751831,3905,0,0,120,33,0,0
1.754811,3905,0,0,119,33,0,0
1.757933,3905,0,0,119,33,0,0
1.761119,3905,0,0,120,33,0,0
1.764898,3905,0,0,120,33,0,0
1.770235,3905,0,0,119,33,0,0
1.773860,3905,0,0,120,33,0,0
1.776815,3905,0,0,119,33,0,0
1.779784,3905,0,0,120,33,0,0
1.782809,3905,0,0,120,33,0,0
1.785784,3905,0,0,120,33,0,0
1.788780,3905,0,0,120,33,0,0
1.791796,3905,0,0,120,33,0,0
1.794903,3905,0,0,120,33,0,0
1.798946,3905,0,0,120,33,0,0
1.802976,3905,0,0,120,33,0,0
1.806115,3905,0,0,120,33,0,0
1.809886,3905,0,0,120,33,0,0
1.812831,3905,0,0,120,33,0,0
1.815793,3905,0,0,120,33,0,0
1.818817,3905,0,0,119,33,0,0
1.821788,3905,0,0,120,33,0,0
1.824785,3905,0,0,120,33,0,0
1.827810,3905,0,0,120,33,0,0
1.830794,3905,0,0,120,33,0,0
1.833927,3905,0,0,120,33,0,0
1.837922,3905,0,0,120,33,0,0
1.841859,3905,0,0,120,33,0,0
1.844839,3905,0,0,120,33,0,0
1.847808,3905,0,0,120,33,0,0
1.850804,3905,0,0,120,33,0,0
1.853827,3905,0,0,119,33,0,0
1.856793,3905,0,0,120,33,0,0
1.859802,3905,0,0,119,33,0,0
1.862799,3905,0,0,120,33,0,0
1.865795,3905,0,0,119,33,0,0
1.868797,3905,0,0,120,33,0,0
1.871804,3905,0,0,120,33,0,0
1.874805,3905,0,0,119,33,0,0
1.877899,3905,0,0,120,33,0,0
1.880931,3905,0,0,120,33,0,0
1.884863,3905,0,0,120,33,0,0
1.887878,3905,0,0,119,33,0,0
1.890866,3905,0,0,120,33,0,0
1.893835,3905,0,0,120,33,0,0
1.896806,3905,0,0,119,33,0,0
1.899801,3905,0,0,120,33,0,0
1.902799,3905,0,0,120,33,0,0
1.905811,3905,0,0,119,33,0,0
1.908848,3905,0,0,120,33,0,0
1.911825,3905,0,0,120,33,0,0
1.914939,3905,0,0,120,33,0,0
1.918951,3905,0,0,120,33,0,0
1.922845,3905,0,0,120,33,0,0
1.925940,3905,0,0,120,33,0,0
1.929854,3905,0,0,120,33,0,0
1.932825,3905,0,0,120,33,0,0
1.935826,3905,0,0,120,33,0,0
1.938806,3905,0,0,120,33,0,0
1.941867,3905,0,0,120,33,0,0
1.944822,3905,0,0,120,33,0,0
1.947803,3905,0,0,120,33,0,0
1.950952,3905,0,0,119,33,0,0
1.954948,3905,0,0,120,33,0,0
1.958850,3905,0,0,119,33,0,0
1.961864,3905,0,0,120,33,0,0
1.964824,3905,0,0,120,33,0,0
1.967823,3905,0,0,120,33,0,0
1.970822,3905,0,0,120,33,0,0
1.973853,3905,0,0,120,33,0,0
1.976834,3905,0,0,120,33,0,0
1.979837,3905,0,0,120,33,0,0
1.982808,3905,0,0,119,33,0,0
1.985889,3905,0,0,120,33,0,0
1.988931,3905,0,0,120,33,0,0
1.992897,3905,0,0,120,33,0,0
1.995942,3905,0,0,120,33,0,0
1.999966,3905,0,0,120,33,0,0
2.003914,3905,0,0,120,33,0,0
2.007827,3905,0,0,120,33,0,0
2.010878,3905,0,0,120,33,0,0
2.013828,3905,0,0,120,33,0,0
2.016813,3905,0,0,120,33,0,0
2.019822,3905,0,0,120,33,0,0
2.022941,3905,0,0,120,33,0,0
2.026962,3905,0,0,119,33,0,0
2.030885,3905,0,0,119,33,0,0
2.033896,3905,0,0,120,33,0,0
2.036846,3905,0,0,120,33,0,0
2.039807,3905,0,0,120,33,0,0
2.042834,3905,0,0,120,33,0,0
2.045825,3905,0,0,120,33,0,0
2.048811,3905,0,0,120,33,0,0
2.051824,3905,0,0,120,33,0,0
2.054830,3905,0,0,120,33,0,0
2.057837,3905,0,0,119,33,0,0
2.060969,3905,0,0,120,33,0,0
2.064957,3905,0,0,120,33,0,0
2.068877,3905,0,0,120,33,0,0
2.071881,3905,0,0,120,33,0,0
2.074854,3905,0,0,120,33,0,0
2.077815,3905,0,0,120,33,0,0
2.080807,3905,0,0,120,33,0,0
2.083812,3905,0,0,120,33,0,0
2.086806,3905,0,0,120,33,0,0
2.089803,3905,0,0,120,33,0,0
2.092825,3905,0,0,120,33,0,0
2.095956,3905,0,0,120,33,0,0
2.099883,3905,0,0,119,33,0,0
2.102811,3905,0,0,120,33,0,0
2.105818,3905,0,0,120,33,0,0
2.108817,3905,0,0,120,33,0,0
2.111856,3905,0,0,120,33,0,0
2.114815,3905,0,0,120,33,0,0
2.117811,3905,0,0,119,33,0,0
2.120804,3905,0,0,120,33,0,0
2.123804,3905,0,0,120,33,0,0
2.126828,3905,0,0,120,33,0,0
2.129898,3905,0,0,120,33,0,0
2.132951,3905,0,0,120,33,0,0
2.136829,3905,0,0,119,33,0,0
2.139826,3905,0,0,120,33,0,0
2.142851,3905,0,0,120,33,0,0
2.145845,3905,0,0,119,33,0,0
2.148812,3905,0,0,120,33,0,0
2.151805,3905,0,0,120,33,0,0
2.154833,3905,0,0,120,33,0,0
2.157805,3905,0,0,120,33,0,0
2.160825,3905,0,0,120,33,0,0
2.163999,3905,0,0,120,33,0,0
2.167954,3905,0,0,119,33,0,0
2.171873,3905,0,0,120,33,0,0
2.174834,3905,0,0,120,33,0,0
2.177881,3905,0,0,120,33,0,0
2.180820,3905,0,0,120,33,0,0
2.183813,3905,0,0,120,33,0,0
2.186806,3905,0,0,120,33,0,0
2.189806,3905,0,0,120,33,0,0
2.192878,3905,0,0,120,33,0,0
2.195937,3905,0,0,120,33,0,0
2.199143,3905,0,0,119,33,0,0
2.202931,3905,0,0,120,33,0,0
2.206120,3905,0,0,120,33,0,0
2.209962,3905,0,0,120,33,0,0
2.213956,3905,0,0,120,33,0,0
2.218354,3905,0,0,120,33,0,0
2.221879,3905,0,0,119,33,0,0
2.224889,3905,0,0,120,33,0,0
2.227920,3905,0,0,120,33,0,0
2.230876,3905,0,0,120,33,0,0
2.233875,3905,0,0,120,33,0,0
2.236883,3905,0,0,120,33,0,0
2.239882,3905,0,0,119,33,0,0
2.242904,3905,0,0,120,33,0,0
2.245955,3905,0,0,120,33,0,0
2.249916,3905,0,0,120,33,0,0
2.252842,3905,0,0,120,33,0,0
2.255836,3905,0,0,120,33,0,0
2.258841,3905,0,0,120,33,0,0
2.261828,3905,0,0,120,33,0,0
2.264816,3905,0,0,120,33,0,0
2.267841,3905,0,0,120,33,0,0
2.270840,3905,0,0,120,33,0,0
2.273823,3905,0,0,120,33,0,0
2.276851,3905,0,0,120,33,0,0
2.279853,3905,0,0,120,33,0,0
2.282946,3905,0,0,120,33,0,0
2.286858,3905,0,0,120,33,0,0
2.289852,3905,0,0,120,33,0,0
2.292835,3905,0,0,120,33,0,0
2.295852,3905,0,0,120,33,0,0
2.298823,3905,0,0,120,33,0,0
2.301842,3905,0,0,120,33,0,0
2.304820,3905,0,0,120,33,0,0
2.307820,3905,0,0,120,33,0,0
2.310832,3905,0,0,120,33,0,0
2.313822,3905,0,0,119,33,0,0
2.316928,3905,0,0,120,33,0,0
2.319915,3905,0,0,120,33,0,0
2.322841,3905,0,0,120,33,0,0
2.325849,3905,0,0,120,33,0,0
2.328843,3905,0,0,119,33,0,0
2.331832,3905,0,0,120,33,0,0
2.334855,3905,0,0,120,33,0,0
2.337821,3905,0,0,120,33,0,0
2.340819,3905,0,0,120,33,0,0
2.343848,3905,0,0,120,33,0,0
2.346823,3905,0,0,120,33,0,0
2.349843,3905,0,0,120,33,0,0
2.352901,3905,0,0,120,33,0,0
2.355906,3905,0,0,120,33,0,0
2.358825,3905,0,0,120,33,0,0
2.361850,3905,0,0,120,33,0,0
2.364835,3905,0,0,120,33,0,0
2.367869,3905,0,0,119,33,0,0
2.370835,3905,0,0,120,33,0,0
2.373823,3905,0,0,120,33,0,0
2.376859,3905,0,0,119,33,0,0
2.379825,3905,0,0,120,33,0,0
2.382851,3905,0,0,120,33,0,0
2.385824,3905,0,0,119,33,0,0
2.388902,3905,0,0,120,33,0,0
2.391889,3905,0,0,120,33,0,0
2.394905,3905,0,0,120,33,0,0
2.397954,3905,0,0,120,33,0,0
2.401977,3905,0,0,120,33,0,0
2.405875,3905,0,0,119,33,0,0
2.408837,3905,0,0,119,33,0,0
2.411826,3905,0,0,120,33,0,0
2.414828,3905,0,0,119,33,0,0
2.417865,3905,0,0,120,33,0,0
2.420849,3905,0,0,120,33,0,0
2.423831,3905,0,0,120,33,0,0
2.426879,3905,0,0,120,33,0,0
2.429896,3905,0,0,120,33,0,0
2.432895,3905,0,0,120,33,0,0
2.435871,3905,0,0,120,33,0,0
2.438860,3905,0,0,120,33,0,0
2.441823,3905,0,0,120,33,0,0
2.444846,3905,0,0,120,33,0,0
2.447828,3905,0,0,120,33,0,0
2.450861,3905,0,0,119,33,0,0
2.453832,3905,0,0,120,33,0,0
2.456826,3905,0,0,120,33,0,0
2.459834,3905,0,0,120,33,0,0
2.462905,3905,0,0,119,33,0,0
2.465905,3905,0,0,120,33,0,0
2.468843,3905,0,0,120,33,0,0
2.471877,3905,0,0,119,33,0,0
2.474890,3905,0,0,119,33,0,0
2.477860,3905,0,0,120,33,0,0
2.480829,3905,0,0,120,33,0,0
2.483853,3905,0,0,120,33,0,0
2.486831,3905,0,0,120,33,0,0
2.489826,3905,0,0,120,33,0,0
2.492832,3905,0,0,120,33,0,0
2.495847,3905,0,0,120,33,0,0
2.499084,3905,0,0,120,33,0,0
2.502898,3905,0,0,120,33,0,0
2.505832,3905,0,0,120,33,0,0
2.508858,3905,0,0,119,33,0,0
2.511881,3905,0,0,120,33,0,0
2.514831,3905,0,0,120,33,0,0
2.517862,3905,0,0,120,33,0,0
2.520851,3905,0,0,119,33,0,0
2.523836,3905,0,0,120,33,0,0
2.526835,3905,0,0,119,33,0,0
2.529830,3905,0,0,120,33,0,0
2.532868,3905,0,0,120,33,0,0
2.535936,3905,0,0,120,33,0,0
2.538873,3905,0,0,120,33,0,0
2.541833,3905,0,0,120,33,0,0
2.544877,3905,0,0,119,33,0,0
2.547886,3905,0,0,120,33,0,0
2.550866,3905,0,0,120,33,0,0
2.553837,3905,0,0,120,33,0,0
2.556829,3905,0,0,120,33,0,0
2.559847,3905,0,0,119,33,0,0
2.562835,3905,0,0,120,33,0,0
2.565864,3905,0,0,120,33,0,0
2.568863,3905,0,0,120,33,0,0
2.571980,3905,0,0,119,33,0,0
2.575072,3905,0,0,120,33,0,0
2.578912,3905,0,0,120,33,0,0
2.581887,3905,0,0,120,33,0,0
2.584868,3905,0,0,120,33,0,0
2.587835,3905,0,0,120,33,0,0
2.590832,3905,0,0,120,33,0,0
2.593852,3905,0,0,120,33,0,0
2.596895,3905,0,0,120,33,0,0
2.599936,3905,0,0,120,33,0,0
2.602884,3905,0,0,120,33,0,0
2.605873,3905,0,0,120,33,0,0
2.608968,3905,0,0,120,33,0,0
2.612189,3905,0,0,120,33,0,0
2.615972,3905,0,0,120,33,0,0
2.619071,3905,0,0,119,33,0,0
2.622869,3905,0,0,120,33,0,0
2.625841,3905,0,0,120,33,0,0
2.628836,3905,0,0,120,33,0,0
2.631835,3905,0,0,119,33,0,0
2.634881,3905,0,0,120,33,0,0
2.637852,3905,0,0,120,33,0,0
2.640837,3905,0,0,120,33,0,0
2.643939,3905,0,0,120,33,0,0
2.647986,3905,0,0,120,33,0,0
2.651897,3905,0,0,120,33,0,0
2.654915,3905,0,0,120,33,0,0
2.657868,3905,0,0,120,33,0,0
2.660839,3905,0,0,120,33,0,0
2.663834,3905,0,0,120,33,0,0
2.666868,3905,0,0,120,33,0,0
2.669863,3905,0,0,120,33,0,0
2.672841,3905,0,0,120,33,0,0
2.675876,3905,0,0,120,33,0,0
2.678853,3905,0,0,120,33,0,0
2.681986,3905,0,0,120,33,0,0
2.685987,3905,0,0,120,33,0,0
2.689891,3905,0,0,120,33,0,0
2.692892,3905,0,0,119,33,0,0
2.695899,3905,0,0,120,33,0,0
2.698845,3905,0,0,119,33,0,0
2.701866,3905,0,0,120,33,0,0
2.704845,3905,0,0,120,33,0,0
2.707844,3905,0,0,120,33,0,0
2.710866,3905,0,0,119,33,0,0
2.713844,3905,0,0,119,33,0,0
2.716971,3905,0,0,120,33,0,0
2.720977,3905,0,0,120,33,0,0
2.724038,3905,0,0,120,33,0,0
2.727905,3905,0,0,120,33,0,0
2.730876,3905,0,0,120,33,0,0
2.733873,3905,0,0,120,34,0,0
2.736844,3905,0,0,120,33,0,0
2.739842,3905,0,0,120,33,0,0
2.742870,3905,0,0,120,33,0,0
2.745863,3905,0,0,120,33,0,0
2.748869,3905,0,0,120,33,0,0
2.751963,3905,0,0,120,33,0,0
2.755223,3905,0,0,120,33,0,0
2.759004,3905,0,0,119,33,0,0
2.762381,3905,0,0,119,33,0,0
2.766017,3905,0,0,120,33,0,0
2.769064,3905,0,0,120,33,0,0
2.772898,3905,0,0,120,33,0,0
2.775922,3905,0,0,120,33,0,0
2.778910,3905,0,0,120,33,0,0
2.781855,3905,0,0,120,33,0,0
2.784881,3905,0,0,120,33,0,0
2.787847,3905,0,0,120,33,0,0
2.790923,3905,0,0,119,33,0,0
2.794011,3905,0,0,120,33,0,0
2.798040,3905,0,0,120,33,0,0
2.802035,3905,0,0,120,33,0,0
2.806013,3905,0,0,120,33,0,0
2.809881,3905,0,0,120,33,0,0
2.812868,3905,0,0,120,33,0,0
2.815863,3905,0,0,120,33,0,0
2.818874,3905,0,0,120,33,0,0
2.821900,3905,0,0,119,33,0,0
2.824911,3905,0,0,120,33,0,0
2.827878,3905,0,0,120,33,0,0
2.830844,3905,0,0,120,33,0,0
2.833860,3905,0,0,120,33,0,0
2.836844,3905,0,0,120,33,0,0
2.839930,3905,0,0,120,33,0,0
2.842909,3905,0,0,120,33,0,0
2.845907,3905,0,0,119,33,0,0
2.848891,3905,0,0,120,33,0,0
2.851871,3905,0,0,120,33,0,0
2.854865,3905,0,0,120,33,0,0
2.857856,3905,0,0,120,33,0,0
2.860859,3905,0,0,120,33,0,0
2.863852,3905,0,0,120,33,0,0
2.866857,3905,0,0,120,33,0,0
2.869847,3905,0,0,120,33,0,0
2.872854,3905,0,0,119,33,0,0
2.876080,3905,0,0,120,33,0,0
2.879952,3905,0,0,120,33,0,0
2.882872,3905,0,0,120,33,0,0
2.885879,3905,0,0,120,33,0,0
2.888909,3905,0,0,119,33,0,0
2.891868,3905,0,0,120,33,0,0
2.894857,3905,0,0,120,33,0,0
2.897851,3905,0,0,120,33,0,0
2.900868,3905,0,0,119,33,0,0
2.903850,3905,0,0,120,33,0,0
2.906874,3905,0,0,120,33,0,0
2.909857,3905,0,0,119,33,0,0
2.912956,3905,0,0,120,33,0,0
2.915905,3905,0,0,120,33,0,0
2.918860,3905,0,0,119,33,0,0
2.921939,3905,0,0,120,33,0,0
2.924876,3905,0,0,120,33,0,0
2.927888,3905,0,0,120,33,0,0
2.930853,3905,0,0,120,33,0,0
2.933893,3905,0,0,120,33,0,0
2.936856,3905,0,0,120,33,0,0
2.939869,3905,0,0,120,33,0,0
2.942876,3905,0,0,120,33,0,0
2.945895,3905,0,0,119,33,0,0
2.949026,3905,0,0,120,33,0,0
2.952964,3905,0,0,120,33,0,0
2.956906,3905,0,0,120,33,0,0
2.959899,3905,0,0,120,33,0,0
2.962891,3905,0,0,120,33,0,0
2.965872,3905,0,0,120,33,0,0
2.968856,3905,0,0,120,33,0,0
2.971863,3905,0,0,120,33,0,0
2.974892,3905,0,0,120,33,0,0
2.977868,3905,0,0,120,33,0,0
2.980858,3905,0,0,120,33,0,0
2.984006,3905,0,0,120,33,0,0
2.987185,3905,0,0,119,33,0,0
2.990868,3905,0,0,120,33,0,0
2.993947,3905,0,0,120,33,0,0
2.996908,3905,0,0,119,33,0,0
2.999873,3905,0,0,120,33,0,0
