t_s,goal,pos,speed_mag,speed_raw,moving,load,voltage,temp
1.1299271136522293e-06,3467,3453,0,0,1,0,119,36
0.010062285931780934,3471,3453,0,0,1,1044,120,36
0.020122496993280947,3474,3453,0,0,1,1052,120,37
0.03018157894257456,3477,3453,0,0,1,1064,119,36
0.040207586949691176,3481,3453,0,0,1,1088,119,36
0.0502672609873116,3484,3453,0,0,1,1124,119,37
0.06032156490255147,3487,3454,50,50,1,1140,120,36
0.07039431401062757,3491,3456,50,50,1,1152,119,36
0.08045313600450754,3494,3459,250,250,1,1160,120,36
0.09050810697954148,3497,3462,250,250,1,1164,119,37
0.10058694798499346,3501,3466,350,350,1,1172,120,36
0.11064512201119214,3504,3469,350,350,1,1172,120,37
0.12070312991272658,3507,3473,350,350,1,1164,120,36
0.13078445196151733,3510,3476,350,350,1,1180,119,36
0.14084138593170792,3514,3481,350,350,1,1164,120,42
0.15090115298517048,3517,3485,350,350,1,1156,120,36
0.16098027199041098,3520,3489,450,450,1,1156,119,36
0.17103872389998287,3523,3493,450,450,1,1152,119,37
0.1810994539409876,3527,3497,350,350,1,1152,120,36
0.19115466496441513,3530,3501,350,350,1,1136,120,37
0.2012373770121485,3533,3505,400,400,1,1136,120,36
0.21129527292214334,3536,3509,400,400,1,1132,120,36
0.2213540959637612,3540,3512,350,350,1,1140,119,36
0.23142914101481438,3543,3515,350,350,1,1144,120,37
0.24148466694168746,3546,3519,350,350,1,1144,119,36
0.2515425079036504,3549,3522,350,350,1,1148,120,36
0.2616181639023125,3552,3526,350,350,1,1140,119,36
0.2716820229543373,3555,3529,350,350,1,1132,120,36
0.28174395696260035,3559,3533,350,350,1,1132,119,36
0.29182892793323845,3562,3536,350,350,1,1136,119,36
0.3018909909296781,3565,3539,300,300,1,1136,120,37
0.31194894295185804,3568,3543,300,300,1,1136,120,37
0.32203708100132644,3571,3546,350,350,1,1136,119,36
0.3322037369944155,3574,3549,350,350,1,1136,119,36
0.34225905896164477,3577,3552,300,300,1,1136,119,36
0.35233097395394,3581,3556,300,300,1,1128,120,36
0.3623923339182511,3584,3559,350,350,1,1128,120,37
0.37244935997296125,3587,3562,350,350,1,1132,120,36
0.3825168119510636,3590,3565,300,300,1,1132,120,36
0.3925735419616103,3593,3568,300,300,1,1140,120,36
0.4026322349673137,3596,3571,300,300,1,1140,120,37
0.4127141128992662,3599,3574,300,300,1,1136,119,36
0.42277634295169264,3602,3578,350,350,1,1128,119,36
0.4429005809361115,3608,3584,300,300,1,1124,120,36
0.4529616249492392,3611,3587,300,300,1,1128,119,37
0.46302237396594137,3614,3590,300,300,1,1128,120,37
0.47307673294562846,3617,3593,300,300,1,1128,119,36
0.48313953692559153,3620,3596,300,300,1,1128,120,36
0.49319810094311833,3622,3599,300,300,1,1128,119,36
0.5032536640064791,3625,3602,300,300,1,1128,120,36
0.5133131159236655,3628,3606,300,300,1,1120,120,37
0.523370771901682,3631,3609,300,300,1,1120,120,36
0.5334278719965369,3634,3611,300,300,1,1128,120,36
0.5436970649752766,3637,3614,300,300,1,1128,119,36
0.5537600179668516,3640,3617,300,300,1,1124,119,37
0.5638183399569243,3642,3620,300,300,1,1124,120,38
0.5738934959517792,3645,3623,300,300,1,1128,119,36
0.5839569109957665,3648,3626,250,250,1,1132,120,48
0.594012621906586,3651,3629,250,250,1,1132,120,36
0.6040893339086324,3653,3632,300,300,1,1128,119,36
0.6141512310132384,3656,3635,300,300,1,1120,119,37
0.6242127009900287,3659,3638,300,300,1,1116,119,36
0.6358441920019686,3662,3642,300,300,1,1108,119,36
0.6459218659438193,3664,3644,300,300,1,1120,120,37
0.6559789659222588,3667,3647,300,300,1,1120,120,36
0.6660619369940832,3670,3649,250,250,1,1120,119,36
0.6761167409131303,3672,3652,250,250,1,1120,119,36
0.6861771189142019,3675,3655,300,300,1,1120,120,36
0.6962345709325746,3677,3657,300,300,1,1120,119,50
0.7062931339023635,3680,3660,250,250,1,1120,120,36
0.716355919954367,3682,3663,250,250,1,1112,120,36
0.7264375759987161,3685,3665,300,300,1,1116,120,36
0.7365001019788906,3687,3668,300,300,1,1108,119,36
0.7465588509803638,3690,3671,250,250,1,1116,120,36
0.8070323599968106,3704,3686,250,250,1,1068,119,36
0.8171021639136598,3706,3687,150,150,1,1060,119,36
0.8271868199808523,3709,3688,150,150,1,1068,120,36
0.837263623951003,3711,3689,100,100,1,1076,120,36
0.8473370569990948,3713,3690,100,100,1,1092,119,37
0.857427860959433,3715,3692,150,150,1,1100,119,36
0.867499831947498,3717,3693,150,150,1,1124,120,36
0.8775686729932204,3719,3696,200,200,1,1132,120,36
0.8876409399090335,3722,3698,200,200,1,1140,119,37
0.897729596006684,3724,3701,250,250,1,1140,120,36
0.9178798339562491,3728,3708,350,350,1,1120,119,36
0.9279841559473425,3730,3711,350,350,1,1120,119,37
0.9380680340109393,3732,3714,300,300,1,1112,119,36
0.9481326160021126,3734,3716,300,300,1,1116,119,36
0.9582022909307852,3736,3719,250,250,1,1108,120,36
0.9682798539288342,3738,3721,250,250,1,1108,120,36
0.9783540099160746,3740,3724,250,250,1,1108,119,36
0.9884138139896095,3741,3726,250,250,1,1112,120,37
0.999141284963116,3743,3729,200,200,1,1104,120,36
1.0091975149698555,3745,3731,200,200,1,1100,119,36
1.0192563189193606,3747,3733,250,250,1,1100,120,36
1.0294688820140436,3749,3735,250,250,1,1092,120,36
1.0395259829238057,3750,3737,200,200,1,1092,120,36
1.0495880639646202,3752,3739,200,200,1,1096,119,36
1.05967684998177,3754,3741,200,200,1,1096,119,36
1.069741245941259,3756,3743,200,200,1,1096,120,36
1.0797979949275032,3757,3745,150,150,1,1096,120,36
1.0898703539278358,3759,3747,150,150,1,1084,119,37
1.0999436029233038,3760,3749,200,200,1,1084,120,37
1.1100084249628708,3762,3751,200,200,1,1092,120,37
1.1200838959775865,3763,3752,150,150,1,1092,119,36
1.1301658479496837,3765,3754,150,150,1,1084,119,36
1.1402424859115854,3766,3756,200,200,1,1076,119,36
1.1503084929427132,3768,3757,200,200,1,1088,120,36
1.1605243160156533,3769,3759,150,150,1,1088,120,36
1.1705886569106951,3771,3760,150,150,1,1088,120,36
1.1806464059045538,3772,3762,200,200,1,1088,119,36
1.190745636005886,3773,3764,200,200,1,1080,119,36
1.2008074769983068,3774,3765,150,150,1,1080,120,36
1.210864539956674,3776,3767,150,150,1,1080,120,36
1.220942195970565,3777,3768,150,150,1,1080,119,36
1.2309994999086484,3778,3770,150,150,1,1064,119,36
1.2410580819705501,3779,3771,100,100,1,1072,120,37
1.2511190519435331,3780,3772,100,100,1,1084,119,36
1.261176022933796,3782,3773,100,100,1,1084,120,36
1.2712386419298127,3783,3775,100,100,1,1072,120,36
1.281298074987717,3784,3776,150,150,1,1072,119,37
1.2913789349840954,3785,3777,150,150,1,1076,120,36
1.301442016963847,3786,3778,150,150,1,1076,120,36
1.3114976169308648,3787,3779,150,150,1,1084,119,37
1.321573477005586,3788,3781,100,100,1,1076,119,36
1.3316332619870082,3788,3782,100,100,1,1068,119,36
1.3416888989740983,3789,3783,100,100,1,1060,120,36
1.3517744439886883,3790,3784,100,100,1,1060,119,36
1.361833469942212,3791,3784,100,100,1,1068,120,36
1.371890699956566,3792,3786,100,100,1,1064,120,36
1.3819713189732283,3792,3787,100,100,1,1064,119,36
1.3920297529548407,3793,3788,100,100,1,1056,120,36
1.4020913899876177,3794,3788,100,100,1,1064,119,37
1.412178193917498,3795,3789,100,100,1,1064,120,37
1.422241571941413,3795,3790,50,50,1,1064,119,36
1.4323052839608863,3796,3791,50,50,1,1064,119,36
1.4423981059808284,3796,3792,100,100,1,1052,120,36
1.4524658179143444,3797,3792,100,100,1,1060,119,36
1.4625256399158388,3797,3793,50,50,1,1060,120,36
1.472585925948806,3798,3793,50,50,1,1068,120,36
1.4826505999080837,3798,3794,100,100,1,1052,120,37
1.4927097369218245,3799,3794,100,100,1,1060,119,36
1.5027670409763232,3799,3795,50,50,1,1056,120,37
1.512824733974412,3799,3796,50,50,1,1056,119,36
1.5228882050141692,3800,3796,50,50,1,1056,119,36
1.5329488789429888,3800,3797,50,50,1,1048,120,36
1.543007071944885,3800,3798,50,50,1,1044,119,36
1.55307228397578,3800,3798,50,50,1,1044,120,36
1.5631299029337242,3801,3798,50,50,1,1048,120,36
1.573186744004488,3801,3798,50,50,1,1048,119,36
1.5832686219364405,3801,3798,0,0,0,1060,120,37
1.5933423329843208,3801,3798,0,0,0,1060,120,36
1.6034008039860055,3801,3798,0,0,0,1056,120,36
1.6134775709360838,3801,3798,0,0,0,1056,120,36
1.6238885049242526,3801,3798,0,0,0,1056,119,36
1.633965382934548,3801,3798,0,0,0,1056,119,36
1.6440592049621046,3801,3798,0,0,0,1056,120,36
1.6541327129816636,3801,3798,0,0,0,1056,120,36
1.6642056279815733,3801,3798,0,0,0,1056,120,36
1.674655081005767,3800,3798,0,0,0,1056,119,36
1.684722032980062,3800,3798,0,0,1,1044,119,36
1.694780021905899,3800,3798,0,0,0,1044,119,36
1.704866844927892,3800,3798,0,0,0,1048,120,36
1.7149274259572849,3800,3798,0,0,0,1048,120,36
1.7250326559878886,3799,3798,0,0,0,1048,119,36
1.7351291829254478,3799,3798,0,0,1,0,120,37
1.7451890049269423,3798,3798,0,0,0,20,120,37
1.7552618279587477,3798,3798,0,0,1,20,119,36
1.7653447979828343,3798,3798,0,0,0,0,120,36
1.775408583926037,3797,3798,0,0,0,0,120,36
1.785471405950375,3797,3798,0,0,1,0,120,36
1.795535895973444,3796,3798,0,0,0,0,120,36
1.8056119399843737,3795,3798,0,0,1,28,120,36
1.815678428974934,3795,3798,0,0,1,36,120,36
1.8257803819142282,3794,3798,0,0,1,36,119,36
1.855979885905981,3792,3797,0,0,1,44,119,36
1.8660554129164666,3791,3796,0,0,1,40,119,36
1.8761149200145155,3791,3796,100,32868,1,48,119,36
1.886177797918208,3790,3796,100,32868,1,52,119,37
1.8962544539244846,3789,3795,50,32818,1,52,120,36
1.9063157949130982,3788,3794,50,32818,1,44,120,36
1.9163791179889813,3787,3793,100,32868,1,44,120,36
1.9264719219645485,3786,3792,100,32868,1,48,119,36
1.9365399479866028,3785,3791,100,32868,1,48,119,37
1.946599973947741,3784,3790,100,32868,1,52,119,37
2.007070686900988,3778,3785,100,32868,1,20,120,36
2.01716408401262,3776,3785,0,0,1,28,120,36
2.0272816099459305,3775,3785,0,0,1,44,120,36
2.0373456919332966,3774,3785,0,0,1,60,120,37
2.047436143970117,3773,3784,0,0,1,80,119,36
2.057499410933815,3771,3783,50,32818,1,88,119,36
2.0675622889539227,3770,3781,50,32818,1,72,119,36
2.077644907985814,3768,3780,200,32968,1,80,119,36
2.087712304899469,3767,3779,200,32968,1,88,120,36
2.0977759049274027,3766,3777,100,32868,1,88,120,36
2.117932660970837,3763,3772,200,32968,1,60,120,36
2.1279984649736434,3761,3771,200,32968,1,60,119,36
2.138076861971058,3760,3770,200,32968,1,68,119,36
2.1481463139643893,3758,3768,200,32968,1,68,120,36
2.158213284914382,3756,3766,150,32918,1,68,120,36
2.168275680975057,3755,3765,150,32918,1,60,120,36
2.1783449299400672,3753,3763,150,32918,1,60,120,36
2.1884087519720197,3751,3762,150,32918,1,64,120,36
2.198474055971019,3750,3760,150,32918,1,64,120,36
2.208532970980741,3748,3758,150,32918,1,64,119,36
2.2186011460144073,3746,3757,150,32918,1,64,120,36
2.228666115901433,3744,3755,150,32918,1,64,119,36
2.238737327978015,3743,3754,200,32968,1,72,120,36
2.2488020019372925,3741,3752,200,32968,1,68,119,36
2.2588642690097913,3739,3750,150,32918,1,68,119,36
2.2689491469645873,3737,3748,150,32918,1,60,120,37
2.2790193220134825,3735,3746,150,32918,1,64,120,36
2.289078773930669,3733,3745,150,32918,1,72,120,36
2.299162929994054,3731,3743,200,32968,1,64,120,36
2.3092261599376798,3729,3741,200,32968,1,64,120,36
2.319292500964366,3727,3740,150,32918,1,76,120,37
2.329374045948498,3725,3737,150,32918,1,68,120,36
2.3394377749646083,3723,3736,200,32968,1,72,119,36
2.349504838930443,3721,3734,200,32968,1,72,120,36
2.35959142097272,3719,3732,200,32968,1,72,119,36
2.3697862989502028,3716,3730,200,32968,1,72,120,36
2.379850731929764,3714,3728,200,32968,1,72,119,37
2.38990946195554,3712,3726,200,32968,1,80,119,37
2.399996580905281,3710,3723,200,32968,1,76,120,36
2.410057569970377,3708,3722,200,32968,1,84,120,36
2.420139355934225,3705,3720,200,32968,1,80,120,37
2.430225566960871,3703,3717,200,32968,1,72,119,36
2.4402837419183925,3701,3715,200,32968,1,80,120,36
2.45034754590597,3698,3713,200,32968,1,80,119,36
2.4604180159512907,3696,3711,200,32968,1,76,120,36
2.4704789499519393,3694,3709,200,32968,1,76,119,36
2.48054084694013,3691,3707,200,32968,1,88,120,36
2.4906075949547812,3689,3705,200,32968,1,96,119,36
2.50067613995634,3686,3702,250,33018,1,80,119,36
2.5107350549660623,3684,3700,250,33018,1,80,120,36
2.520815636962652,3681,3698,250,33018,1,84,119,36
2.53088666300755,3679,3695,250,33018,1,76,120,36
2.5409454109612852,3676,3693,200,32968,1,92,120,37
2.5510182519210503,3674,3691,200,32968,1,92,120,36
2.561078722937964,3671,3688,200,32968,1,88,120,36
2.5711402309825644,3669,3686,200,32968,1,88,120,36
2.5812021649908274,3666,3684,250,33018,1,96,120,36
2.5912651909748092,3663,3681,250,33018,1,88,120,37
2.601326994947158,3661,3679,250,33018,1,88,119,36
2.611384057905525,3658,3676,250,33018,1,88,120,36
2.6214782319730148,3655,3673,250,33018,1,88,120,37
2.6315571289742365,3653,3671,250,33018,1,88,119,36
2.6416362849995494,3650,3668,250,33018,1,92,119,37
2.651731884921901,3647,3666,250,33018,1,100,120,36
2.6618006149074063,3644,3664,250,33018,1,96,120,36
2.6718613079283386,3642,3661,250,33018,1,96,120,36
2.6819465570151806,3639,3658,250,33018,1,96,120,36
2.6920348609564826,3636,3655,250,33018,1,88,120,37
2.7020997760118917,3633,3653,250,33018,1,96,120,36
2.7122129319468513,3630,3650,300,33068,1,96,119,36
2.7222847539233044,3628,3647,300,33068,1,96,120,36
2.732350187958218,3625,3645,250,33018,1,96,120,36
2.7424317880067974,3622,3642,250,33018,1,96,120,37
2.752505313954316,3619,3639,300,33068,1,96,119,37
2.7625731920124963,3616,3636,300,33068,1,96,119,37
2.7726450519403443,3613,3634,250,33018,1,104,120,36
2.7827207630034536,3610,3631,250,33018,1,96,119,36
2.792786529986188,3607,3628,300,33068,1,96,119,36
2.802847796934657,3604,3625,300,33068,1,100,119,37
2.8229864420136437,3598,3619,250,33018,1,92,119,36
2.8330525609198958,3595,3617,300,33068,1,100,120,37
2.8431303839897737,3592,3614,300,33068,1,108,120,36
2.8531951690092683,3589,3611,300,33068,1,108,120,36
2.86325863993261,3586,3608,300,33068,1,104,120,36
2.873331795912236,3583,3605,300,33068,1,104,120,37
2.8834058959037066,3580,3602,300,33068,1,104,120,36
2.893471755902283,3577,3599,250,33018,1,104,119,37
2.903557707904838,3574,3596,250,33018,1,104,120,37
2.913624159991741,3571,3593,300,33068,1,104,120,36
2.923687574919313,3567,3590,300,33068,1,104,120,36
2.984174954937771,3548,3572,300,33068,1,64,120,36
2.994270407012664,3545,3570,250,33018,1,56,119,37
3.0043414519168437,3542,3568,250,33018,1,60,120,36
3.0144076999276876,3539,3567,200,32968,1,68,120,37
3.0244947449536994,3536,3565,200,32968,1,84,120,36
3.0345611969241872,3532,3563,150,32918,1,92,119,37
3.044630724005401,3529,3560,150,32918,1,100,119,36
3.0546895649749786,3526,3558,250,33018,1,116,120,36
3.0647619059309363,3523,3555,250,33018,1,136,119,36
3.074824173003435,3519,3552,300,33068,1,144,120,36
3.0848901249701157,3516,3548,300,33068,1,132,119,37
3.09496761392802,3513,3543,350,33118,1,124,120,37
3.1050346029223874,3510,3539,350,33118,1,120,120,36
3.1151031479239464,3506,3536,400,33168,1,128,119,36
3.1251659699482843,3503,3532,400,33168,1,116,120,36
3.1352504779351875,3500,3528,400,33168,1,116,120,37
3.145320263924077,3496,3525,400,33168,1,120,119,36
3.155378419905901,3493,3521,350,33118,1,120,119,36
3.1654548719525337,3490,3517,350,33118,1,112,120,37
3.1755162680055946,3487,3514,350,33118,1,120,119,36
3.185578942997381,3483,3510,350,33118,1,108,119,37
3.1956597099779174,3480,3507,400,33168,1,116,120,37
3.205726383952424,3477,3503,400,33168,1,112,120,36
3.21579139190726,3473,3499,300,33068,1,112,120,37
3.246012136922218,3463,3489,350,33118,1,116,120,37
3.256095736986026,3460,3486,350,33118,1,108,119,36
3.2661722449120134,3457,3483,350,33118,1,116,119,36
3.2762365859234706,3453,3479,300,33068,1,116,120,37
3.286324000917375,3450,3476,300,33068,1,116,119,36
3.2963931940030307,3447,3473,350,33118,1,120,119,36
3.3064605909166858,3443,3469,350,33118,1,112,120,36
3.3165503760101274,3440,3466,300,33068,1,108,120,36
3.326612939941697,3437,3462,300,33068,1,108,119,36
3.3366793179884553,3433,3459,350,33118,1,116,120,36
3.397170122945681,3414,3440,300,33068,1,72,120,37
3.407268019975163,3410,3437,300,33068,1,56,120,36
3.417347971932031,3407,3435,250,33018,1,68,119,36
3.4274121649796143,3404,3433,250,33018,1,68,119,36
3.4374719510087743,3400,3432,200,32968,1,92,120,37
3.4475599579745904,3397,3430,200,32968,1,100,119,37
3.457622558926232,3394,3427,200,32968,1,116,120,37
3.467693121987395,3390,3425,200,32968,1,132,119,36
3.4777579999063164,3387,3421,250,33018,1,140,120,36
3.4878296189708635,3384,3418,250,33018,1,148,119,36
3.4978957559214905,3381,3413,350,33118,1,128,119,36
3.5180391980102286,3374,3405,400,33168,1,128,119,36
3.528106704936363,3371,3401,400,33168,1,128,120,37
3.538208212936297,3368,3397,400,33168,1,128,119,36
3.5482765359338373,3365,3393,400,33168,1,120,120,37
3.558339264942333,3361,3390,400,33168,1,128,119,36
3.568403087905608,3358,3386,350,33118,1,120,120,36
3.5784756139619276,3355,3382,350,33118,1,120,120,36
3.5885415849043056,3352,3379,350,33118,1,120,120,36
3.5986168700037524,3349,3376,350,33118,1,124,120,36
3.6086933779297397,3345,3372,350,33118,1,116,120,36
3.6187641819706187,3342,3369,350,33118,1,120,119,36
3.6288341709878296,3339,3365,350,33118,1,120,119,36
3.6493026689859107,3333,3358,350,33118,1,120,120,36
3.6593604169320315,3330,3355,350,33118,1,116,120,36
3.6694523689802736,3326,3351,300,33068,1,108,120,36
3.6795111729297787,3323,3348,300,33068,1,112,119,36
3.6895729769021273,3320,3345,350,33118,1,112,120,36
3.699651632923633,3317,3341,350,33118,1,104,119,36
3.709715714910999,3314,3338,300,33068,1,112,120,36
3.7197791669750586,3311,3335,300,33068,1,112,120,37
3.780265472945757,3293,3317,300,33068,1,68,119,36
3.790328442933969,3290,3314,250,33018,1,52,120,36
3.8004075619392097,3287,3312,250,33018,1,56,119,36
3.8104720329865813,3284,3311,150,32918,1,64,120,36
3.820519243949093,3281,3309,150,32918,1,84,120,37
3.830596658983268,3278,3307,200,32968,1,92,120,36
3.840656277956441,3275,3305,200,32968,1,108,120,36
3.8507181929890066,3273,3302,250,33018,1,124,119,37
3.8607744969194755,3270,3299,250,33018,1,124,119,36
3.9212348399451002,3253,3278,400,33168,1,84,119,36
3.93131768098101,3250,3275,300,33068,1,76,120,37
3.941377689014189,3248,3273,300,33068,1,68,120,36
3.9514386219670996,3245,3271,200,32968,1,76,120,37
3.9615250929491594,3242,3269,200,32968,1,96,120,36
3.971592729911208,3240,3267,200,32968,1,104,119,36
3.9816509229131043,3237,3264,200,32968,1,124,120,36
3.9917400049744174,3234,3261,300,33068,1,132,120,37
4.001810901914723,3232,3258,300,33068,1,124,120,36
4.011869001900777,3229,3254,300,33068,1,116,119,37
4.032227388001047,3224,3247,400,33168,1,112,120,36
4.042288358905353,3221,3243,400,33168,1,100,120,37
4.0523770889267325,3219,3240,300,33068,1,100,119,36
4.062441947986372,3216,3237,300,33068,1,104,119,37
4.072504529962316,3214,3234,350,33118,1,96,119,36
4.082593111903407,3212,3231,350,33118,1,96,119,36
4.09265406394843,3209,3228,250,33018,1,96,120,36
4.1027180349919945,3207,3226,250,33018,1,92,120,36
4.1128078940091655,3204,3223,300,33068,1,96,119,36
4.122907957993448,3202,3220,300,33068,1,96,119,36
4.132966649951413,3200,3217,250,33018,1,84,119,36
4.143058453919366,3197,3214,250,33018,1,84,120,36
4.153128498932347,3195,3212,250,33018,1,88,120,36
4.16318671090994,3193,3209,250,33018,1,88,120,36
4.173273569904268,3191,3207,250,33018,1,92,120,36
4.183342522010207,3188,3205,250,33018,1,92,120,36
4.193401214899495,3186,3202,250,33018,1,80,120,36
4.203460241900757,3184,3200,250,33018,1,80,120,36
4.213521100929938,3182,3197,250,33018,1,84,119,36
4.223584349965677,3180,3195,250,33018,1,92,120,36
4.233642561011948,3178,3192,250,33018,1,80,120,36
4.243713308940642,3176,3190,250,33018,1,80,120,37
4.253776705940254,3174,3188,200,32968,1,76,120,36
4.263837028993294,3172,3186,200,32968,1,76,119,36
4.273909369949251,3170,3184,250,33018,1,80,119,36
4.283976654987782,3168,3182,250,33018,1,80,120,36
4.29403408896178,3166,3180,200,32968,1,80,120,36
4.304121762979776,3164,3177,200,32968,1,72,120,36
4.314182714908384,3162,3175,200,32968,1,72,120,37
4.324245629948564,3160,3173,200,32968,1,72,120,36
4.334330378915183,3158,3171,200,32968,1,72,119,37
4.344388813013211,3156,3169,200,32968,1,72,120,36
4.354447171906941,3155,3167,200,32968,1,68,119,36
4.36453280900605,3153,3165,200,32968,1,68,120,36
4.374593724962324,3151,3164,200,32968,1,80,120,36
4.384654324967414,3150,3162,200,32968,1,80,120,37
4.394742350908928,3148,3160,200,32968,1,72,120,36
4.4048105999827385,3146,3158,200,32968,1,72,119,36
4.414874088950455,3145,3156,200,32968,1,68,120,36
4.445098555996083,3140,3150,200,32968,1,68,120,36
4.455156415933743,3138,3149,200,32968,1,68,120,36
4.465242441976443,3137,3147,150,32918,1,60,119,36
4.475299042998813,3135,3145,150,32918,1,60,119,36
4.485365216969512,3134,3143,200,32968,1,52,120,37
4.495460373000242,3133,3142,200,32968,1,68,120,36
4.505527509958483,3131,3140,150,32918,1,60,120,36
4.515591203002259,3130,3139,150,32918,1,60,120,37
4.525689025991596,3129,3137,150,32918,1,52,119,36
4.535758255980909,3127,3136,150,32918,1,60,119,36
4.545821540988982,3126,3134,150,32918,1,60,120,37
4.555909400922246,3125,3133,150,32918,1,52,120,37
4.565975741948932,3124,3131,150,32918,1,44,120,36
4.576035767910071,3123,3130,150,32918,1,52,120,36
4.586094571975991,3121,3129,100,32868,1,52,120,37
4.596164690912701,3120,3128,100,32868,1,56,119,36
4.606224605930038,3119,3126,150,32918,1,48,120,37
4.616285761934705,3118,3125,150,32918,1,52,119,36
4.626354694948532,3117,3124,100,32868,1,60,120,37
4.636426184908487,3116,3123,100,32868,1,52,120,36
4.646547599928454,3115,3122,100,32868,1,52,119,36
4.656630218960345,3114,3121,100,32868,1,56,120,36
4.66671022598166,3113,3119,150,32918,1,48,120,36
4.676769012003206,3113,3118,150,32918,1,48,120,37
4.686858463915996,3112,3117,100,32868,1,40,120,36
4.696919304900803,3111,3116,100,32868,1,36,119,36
4.706978108966723,3110,3115,50,32818,1,36,120,36
4.717070245998912,3109,3115,50,32818,1,48,120,36
4.7271297730039805,3109,3114,100,32868,1,48,120,37
4.737190317013301,3108,3113,100,32868,1,40,119,36
4.747277991962619,3107,3112,100,32868,1,40,120,36
4.757352073909715,3107,3111,100,32868,1,36,120,37
4.7674123590113595,3106,3110,100,32868,1,28,120,37
4.777502569952048,3106,3109,100,32868,1,36,119,36
4.787569799926132,3105,3109,50,32818,1,36,120,36
4.797629697015509,3105,3108,50,32818,1,32,119,36
4.8077137229265645,3104,3108,50,32818,1,32,120,36
4.817779434961267,3104,3107,50,32818,1,32,119,36
4.827839571982622,3103,3106,50,32818,1,24,120,36
4.837899005971849,3103,3106,50,32818,1,28,119,36
4.847976587014273,3103,3105,50,32818,1,20,120,36
4.858037390979007,3102,3105,50,32818,1,20,119,36
4.878157943952829,3102,3104,50,32818,1,24,119,36
4.888211173936725,3102,3104,50,32818,1,24,120,36
4.898269847966731,3101,3104,50,32818,1,24,119,36
4.908328893012367,3101,3104,0,0,1,32,120,36
4.918393770931289,3101,3104,0,0,0,36,120,36
4.928453315980732,3101,3104,0,0,0,36,120,36
4.93853287899401,3101,3104,0,0,0,32,119,36
4.9485945529304445,3101,3104,0,0,0,32,120,36
4.958662968943827,3101,3104,0,0,0,32,119,36
4.96875147591345,3101,3104,0,0,0,32,119,36
4.978811279986985,3101,3104,0,0,0,32,120,37
4.9888681209413335,3101,3104,0,0,0,32,120,36
5.00901946995873,3102,3104,0,0,0,32,120,37
5.0291665779659525,3102,3104,0,0,0,20,120,36
5.039229733985849,3102,3104,0,0,0,20,120,37
5.04929011198692,3103,3104,0,0,0,24,120,36
5.059379898011684,3103,3104,0,0,1,24,120,36
5.069443164975382,3103,3104,0,0,0,1044,119,37
5.079508801922202,3104,3104,0,0,0,1044,120,36
5.089597735903226,3104,3104,0,0,1,0,120,36
5.099665003013797,3104,3104,0,0,0,0,120,36
5.109722472960129,3105,3104,0,0,0,0,120,36
5.119812758988701,3105,3104,0,0,1,0,120,37
5.129872266901657,3106,3104,0,0,0,0,120,36
5.139932718942873,3107,3104,0,0,1,0,119,36
5.1701412230031565,3109,3104,0,0,1,1060,120,36
5.180222693947144,3109,3104,0,0,1,1068,120,37
5.190285441931337,3110,3104,0,0,1,1076,119,37
5.200344764976762,3111,3105,0,0,1,1068,119,36
5.2104017540114,3111,3105,50,50,1,1076,119,37
5.220461539924145,3112,3105,50,50,1,1076,119,37
5.230519176926464,3113,3107,50,50,1,1064,119,36
5.240576776908711,3114,3107,50,50,1,1072,120,37
5.250659173936583,3115,3108,100,100,1,1072,119,36
5.260724662919529,3116,3110,100,100,1,1064,119,36
5.270782597013749,3117,3110,100,100,1,1072,119,36
5.2808592159999534,3118,3111,100,100,1,1072,119,37
5.290925074950792,3119,3112,100,100,1,1072,120,37
5.300983193912543,3120,3113,100,100,1,1072,120,37
5.311066978960298,3121,3114,50,50,1,1072,120,37
5.321128821000457,3122,3115,50,50,1,1072,119,37
5.331185790942982,3123,3116,100,100,1,1076,119,37
5.341243446920998,3125,3117,100,100,1,1076,120,36
5.351327991927974,3126,3118,100,100,1,1068,119,37
5.3613896479364485,3127,3119,100,100,1,1068,120,36
5.371446506935172,3128,3120,100,100,1,1080,120,37
5.381525088916533,3130,3121,100,100,1,1080,119,36
5.391587411984801,3131,3122,100,100,1,1084,119,43
5.401647363905795,3132,3123,100,100,1,1084,120,36
5.411737000918947,3134,3123,100,100,1,1100,119,36
5.421796508948319,3135,3124,100,100,1,1100,119,36
5.431855571921915,3136,3126,50,50,1,1092,120,36
5.441942672012374,3138,3128,50,50,1,1092,119,36
5.452002753969282,3139,3129,200,200,1,1080,120,36
5.462062946986407,3141,3131,200,200,1,1072,120,36
5.472154620918445,3143,3132,150,150,1,1088,120,36
5.482214518007822,3144,3134,150,150,1,1080,119,37
5.492273284937255,3146,3135,150,150,1,1088,119,36
5.5023641819134355,3147,3136,100,100,1,1088,119,37
5.512422670959495,3149,3138,100,100,1,1092,119,37
5.522482716012746,3151,3140,200,200,1,1084,119,37
5.532565445988439,3152,3141,200,200,1,1084,120,36
5.542624656925909,3154,3143,150,150,1,1084,120,36
5.552684054011479,3156,3144,150,150,1,1092,119,37
5.562766375951469,3158,3146,150,150,1,1092,119,37
5.572827716940083,3160,3148,150,150,1,1088,119,43
5.582893113954924,3161,3149,150,150,1,1096,120,36
5.59295039891731,3163,3151,150,150,1,1092,119,37
5.603029591962695,3165,3153,200,200,1,1092,119,36
5.624226885964163,3169,3157,150,150,1,1084,120,36
5.634843616979197,3171,3158,150,150,1,1100,120,37
5.64491623500362,3173,3160,150,150,1,1100,119,36
5.6549792799633,3175,3162,150,150,1,1092,120,37
5.685187674011104,3182,3167,200,200,1,1108,119,36
5.695271125994623,3184,3170,200,200,1,1096,119,36
5.7053332820069045,3186,3172,200,200,1,1096,119,37
5.71539699297864,3188,3173,200,200,1,1108,119,37
5.7254805190023035,3190,3176,200,200,1,1100,120,36
5.735545230912976,3193,3178,200,200,1,1096,119,37
5.74560386792291,3195,3180,200,200,1,1096,119,37
5.7556899869814515,3197,3182,200,200,1,1096,120,36
5.765750160906464,3199,3184,200,200,1,1104,119,36
5.775807390920818,3202,3186,200,200,1,1104,119,36
5.7858880289131775,3204,3188,200,200,1,1104,120,36
5.795979943941347,3206,3191,200,200,1,1104,119,36
5.80604237690568,3209,3192,200,200,1,1112,119,37
5.8161252560094,3211,3195,200,200,1,1104,120,38
5.82669737492688,3214,3197,250,250,1,1104,120,37
5.8367919200100005,3216,3200,250,250,1,1104,120,36
5.846888130996376,3219,3202,200,200,1,1104,120,36
5.877133099013008,3226,3209,250,250,1,1104,120,36
5.887212383910082,3229,3211,250,250,1,1116,120,36
5.897306761937216,3231,3213,250,250,1,1116,119,36
5.907387639977969,3234,3216,200,200,1,1112,119,36
5.9174688149942085,3237,3218,200,200,1,1112,119,36
5.927559784962796,3239,3221,250,250,1,1112,120,36
5.937645348953083,3242,3223,250,250,1,1112,120,36
5.947687281994149,3245,3226,250,250,1,1112,119,36
5.9577661419752985,3247,3228,250,250,1,1112,120,36
5.967853909009136,3250,3231,250,250,1,1116,120,36
6.028301880927756,3267,3246,250,250,1,1084,120,36
6.038413369911723,3270,3248,250,250,1,1068,120,36
6.048471210990101,3272,3249,200,200,1,1060,120,36
6.058550923014991,3275,3250,200,200,1,1068,120,36
6.068618281977251,3278,3251,100,100,1,1096,119,37
6.07869310490787,3281,3253,100,100,1,1104,119,37
6.088757038931362,3284,3255,150,150,1,1116,120,36
6.098822471918538,3287,3257,150,150,1,1132,119,37
6.1593061299063265,3305,3277,350,350,1,1104,120,37
6.1693700819741935,3308,3279,350,350,1,1104,120,36
6.1801541459281,3311,3282,250,250,1,1104,119,36
6.190229301922955,3314,3284,250,250,1,1120,119,36
6.200304845930077,3317,3286,200,200,1,1128,120,36
6.21037314995192,3320,3289,200,200,1,1144,119,36
6.220454602967948,3323,3292,300,300,1,1152,120,37
6.2309628509683535,3327,3295,300,300,1,1160,119,36
6.241340414970182,3330,3299,350,350,1,1160,119,37
6.2514314039144665,3333,3303,350,350,1,1148,120,36
6.261490281904116,3336,3307,350,350,1,1148,120,37
6.271558493957855,3339,3311,350,350,1,1140,120,36
6.281632297905162,3342,3314,400,400,1,1140,119,36
6.291711602010764,3345,3318,400,400,1,1144,120,36
6.301778591005132,3349,3322,350,350,1,1136,120,36
6.311849616933614,3352,3325,350,350,1,1132,120,37
6.321972124977037,3355,3329,350,350,1,1132,119,37
6.332038835971616,3358,3331,350,350,1,1144,119,37
6.342104880954139,3361,3335,300,300,1,1136,119,36
6.352175665902905,3365,3338,300,300,1,1148,119,36
6.362252044957131,3368,3342,300,300,1,1140,119,36
6.372316292952746,3371,3345,300,300,1,1132,120,37
6.382395040942356,3374,3348,350,350,1,1132,119,36
6.403149927966297,3381,3355,300,300,1,1136,120,36
6.413224824005738,3384,3358,300,300,1,1136,120,36
6.423288035904989,3388,3362,350,350,1,1136,120,36
6.433386265998706,3391,3365,350,350,1,1136,120,36
6.443461791961454,3394,3368,350,350,1,1136,120,36
6.453533262945712,3397,3371,350,350,1,1136,119,36
6.4636085669044405,3401,3375,300,300,1,1128,120,36
6.473792888922617,3404,3378,300,300,1,1136,119,36
6.4940726639470086,3411,3385,350,350,1,1128,120,36
6.504166504950263,3414,3388,300,300,1,1136,120,43
6.514247216982767,3417,3391,300,300,1,1136,120,36
6.524312964989804,3421,3394,350,350,1,1136,120,36
6.534388972911984,3424,3397,350,350,1,1132,120,36
6.544473554939032,3427,3401,300,300,1,1132,120,37
6.554554080939852,3431,3404,300,300,1,1140,119,43
6.564627384999767,3434,3407,300,300,1,1140,120,36
6.574871614924632,3437,3411,300,300,1,1140,119,36
6.635350642958656,3457,3430,350,350,1,1104,120,37
6.64543594699353,3460,3433,300,300,1,1088,119,36
6.655499083921313,3464,3435,300,300,1,1088,120,36
6.665563498972915,3467,3437,200,200,1,1100,120,36
